dataset,seed,degradation,severity,baseline_model,stronger_model,true_label,true_class_count,baseline_correct_count,stronger_correct_count,baseline_recall,stronger_recall,recall_delta_stronger_minus_baseline,higher_recall_model,baseline_share_of_all_correct,stronger_share_of_all_correct,baseline_correct_contribution_rank,stronger_correct_contribution_rank,baseline_predicted_count,stronger_predicted_count,baseline_prediction_share,stronger_prediction_share,baseline_prediction_rank,stronger_prediction_rank,validation_split,validation_track_hash,track_overlap
GTSRB,42,none,0,GTSRBCNN,ResNet18,0,60,30,57,0.5,0.95,0.44999999999999996,ResNet18,0.0027327382036800873,0.004723235001657275,42,41,49,58,0.0038796516231195564,0.004592240696753761,41,42,stratified_track,f37d445eac4fe94ed5b346b8939aa361ab11f8f32b60cc5c06698bb858efaba8,0
GTSRB,42,none,0,GTSRBCNN,ResNet18,1,720,668,709,0.9277777777777778,0.9847222222222223,0.056944444444444464,ResNet18,0.06084897066860995,0.058750414318859794,2,3,740,787,0.05859065716547902,0.06231195566112431,2,1,stratified_track,f37d445eac4fe94ed5b346b8939aa361ab11f8f32b60cc5c06698bb858efaba8,0
GTSRB,42,none,0,GTSRBCNN,ResNet18,2,750,622,742,0.8293333333333334,0.9893333333333333,0.15999999999999992,ResNet18,0.05665877208963381,0.06148491879350348,6,1,660,762,0.052256532066508314,0.06033254156769596,7,2,stratified_track,f37d445eac4fe94ed5b346b8939aa361ab11f8f32b60cc5c06698bb858efaba8,0
GTSRB,42,none,0,GTSRBCNN,ResNet18,3,450,369,448,0.82,0.9955555555555555,0.17555555555555558,ResNet18,0.03361267990526508,0.037122969837587005,14,11,459,575,0.03634204275534442,0.045526524148851936,13,8,stratified_track,f37d445eac4fe94ed5b346b8939aa361ab11f8f32b60cc5c06698bb858efaba8,0
GTSRB,42,none,0,GTSRBCNN,ResNet18,4,660,593,654,0.8984848484848484,0.990909090909091,0.09242424242424252,ResNet18,0.05401712515940973,0.05419290686112032,7,5,691,714,0.05471100554235946,0.056532066508313536,3,4,stratified_track,f37d445eac4fe94ed5b346b8939aa361ab11f8f32b60cc5c06698bb858efaba8,0
GTSRB,42,none,0,GTSRBCNN,ResNet18,5,630,495,458,0.7857142857142857,0.726984126984127,-0.058730158730158744,GTSRBCNN,0.045090180360721446,0.037951607557176005,8,10,673,465,0.05328582739509105,0.03681710213776722,5,12,stratified_track,f37d445eac4fe94ed5b346b8939aa361ab11f8f32b60cc5c06698bb858efaba8,0
GTSRB,42,none,0,GTSRBCNN,ResNet18,6,150,89,140,0.5933333333333334,0.9333333333333333,0.33999999999999997,ResNet18,0.00810712333758426,0.01160092807424594,29,26,89,140,0.007046714172604909,0.011084718923198733,34,26,stratified_track,f37d445eac4fe94ed5b346b8939aa361ab11f8f32b60cc5c06698bb858efaba8,0
GTSRB,42,none,0,GTSRBCNN,ResNet18,7,450,333,445,0.74,0.9888888888888889,0.24888888888888894,ResNet18,0.03033339406084897,0.036874378521710306,15,12,399,468,0.031591448931116387,0.03705463182897862,14,11,stratified_track,f37d445eac4fe94ed5b346b8939aa361ab11f8f32b60cc5c06698bb858efaba8,0
GTSRB,42,none,0,GTSRBCNN,ResNet18,8,450,381,418,0.8466666666666667,0.9288888888888889,0.0822222222222222,ResNet18,0.03470577518673711,0.03463705667882002,12,13,507,427,0.040142517814726844,0.033808392715756135,11,14,stratified_track,f37d445eac4fe94ed5b346b8939aa361ab11f8f32b60cc5c06698bb858efaba8,0
GTSRB,42,none,0,GTSRBCNN,ResNet18,9,480,468,479,0.975,0.9979166666666667,0.022916666666666696,ResNet18,0.04263071597740936,0.03969174676831289,9,8,528,498,0.04180522565320665,0.039429928741092635,10,9,stratified_track,f37d445eac4fe94ed5b346b8939aa361ab11f8f32b60cc5c06698bb858efaba8,0
GTSRB,42,none,0,GTSRBCNN,ResNet18,10,660,646,654,0.9787878787878788,0.990909090909091,0.0121212121212122,ResNet18,0.05884496265257788,0.05419290686112032,4,6,663,655,0.052494061757719715,0.051860649247822646,6,6,stratified_track,f37d445eac4fe94ed5b346b8939aa361ab11f8f32b60cc5c06698bb858efaba8,0
GTSRB,42,none,0,GTSRBCNN,ResNet18,11,420,389,415,0.9261904761904762,0.9880952380952381,0.06190476190476191,ResNet18,0.03543450537438513,0.03438846536294332,11,14,463,431,0.03665874901029295,0.03412509897070467,12,13,stratified_track,f37d445eac4fe94ed5b346b8939aa361ab11f8f32b60cc5c06698bb858efaba8,0
GTSRB,42,none,0,GTSRBCNN,ResNet18,12,690,646,689,0.936231884057971,0.9985507246376811,0.062318840579710155,ResNet18,0.05884496265257788,0.0570931388796818,5,4,676,690,0.05352335708630245,0.05463182897862233,4,5,stratified_track,f37d445eac4fe94ed5b346b8939aa361ab11f8f32b60cc5c06698bb858efaba8,0
GTSRB,42,none,0,GTSRBCNN,ResNet18,13,720,716,716,0.9944444444444445,0.9944444444444445,0.0,tie,0.06522135179449809,0.059330460722572094,1,2,765,735,0.060570071258907364,0.05819477434679335,1,3,stratified_track,f37d445eac4fe94ed5b346b8939aa361ab11f8f32b60cc5c06698bb858efaba8,0
GTSRB,42,none,0,GTSRBCNN,ResNet18,14,270,267,270,0.9888888888888889,1.0,0.011111111111111072,ResNet18,0.02432137001275278,0.022373218428902882,18,18,271,282,0.021456848772763264,0.022327790973871733,18,18,stratified_track,f37d445eac4fe94ed5b346b8939aa361ab11f8f32b60cc5c06698bb858efaba8,0
GTSRB,42,none,0,GTSRBCNN,ResNet18,15,210,210,210,1.0,1.0,0.0,tie,0.019129167425760613,0.01740139211136891,19,20,224,211,0.017735550277117974,0.016706254948535233,20,20,stratified_track,f37d445eac4fe94ed5b346b8939aa361ab11f8f32b60cc5c06698bb858efaba8,0
GTSRB,42,none,0,GTSRBCNN,ResNet18,16,150,128,145,0.8533333333333334,0.9666666666666667,0.11333333333333329,ResNet18,0.011659683002368373,0.012015246934040437,23,24,141,149,0.011163895486935867,0.011797307996832937,25,25,stratified_track,f37d445eac4fe94ed5b346b8939aa361ab11f8f32b60cc5c06698bb858efaba8,0
GTSRB,42,none,0,GTSRBCNN,ResNet18,17,360,323,346,0.8972222222222223,0.9611111111111111,0.06388888888888888,ResNet18,0.02942248132628894,0.02867086509777925,16,17,326,346,0.025811559778305623,0.0273950910530483,17,17,stratified_track,f37d445eac4fe94ed5b346b8939aa361ab11f8f32b60cc5c06698bb858efaba8,0
GTSRB,42,none,0,GTSRBCNN,ResNet18,18,390,294,360,0.7538461538461538,0.9230769230769231,0.1692307692307693,ResNet18,0.026780834396064858,0.029830957905203844,17,15,350,375,0.027711797307996833,0.029691211401425176,16,15,stratified_track,f37d445eac4fe94ed5b346b8939aa361ab11f8f32b60cc5c06698bb858efaba8,0
GTSRB,42,none,0,GTSRBCNN,ResNet18,19,60,53,60,0.8833333333333333,1.0,0.1166666666666667,ResNet18,0.0048278374931681545,0.004971826317533974,37,38,70,77,0.0055423594615993665,0.0060965954077593035,38,37,stratified_track,f37d445eac4fe94ed5b346b8939aa361ab11f8f32b60cc5c06698bb858efaba8,0
GTSRB,42,none,0,GTSRBCNN,ResNet18,20,90,89,90,0.9888888888888889,1.0,0.011111111111111072,ResNet18,0.00810712333758426,0.007457739476300961,30,31,183,95,0.014489311163895487,0.007521773555027712,23,31,stratified_track,f37d445eac4fe94ed5b346b8939aa361ab11f8f32b60cc5c06698bb858efaba8,0
GTSRB,42,none,0,GTSRBCNN,ResNet18,21,90,54,75,0.6,0.8333333333333334,0.2333333333333334,ResNet18,0.004918928766624158,0.006214782896917468,36,37,81,75,0.006413301662707839,0.0059382422802850355,35,39,stratified_track,f37d445eac4fe94ed5b346b8939aa361ab11f8f32b60cc5c06698bb858efaba8,0
GTSRB,42,none,0,GTSRBCNN,ResNet18,22,120,104,107,0.8666666666666667,0.8916666666666667,0.025000000000000022,ResNet18,0.009473492439424303,0.008866423599602253,26,30,107,107,0.008471892319873317,0.008471892319873317,29,30,stratified_track,f37d445eac4fe94ed5b346b8939aa361ab11f8f32b60cc5c06698bb858efaba8,0
GTSRB,42,none,0,GTSRBCNN,ResNet18,23,150,91,150,0.6066666666666667,1.0,0.3933333333333333,ResNet18,0.008289305884496265,0.012429565793834935,28,23,103,157,0.008155186064924783,0.012430720506730008,30,23,stratified_track,f37d445eac4fe94ed5b346b8939aa361ab11f8f32b60cc5c06698bb858efaba8,0
GTSRB,42,none,0,GTSRBCNN,ResNet18,24,90,48,83,0.5333333333333333,0.9222222222222223,0.38888888888888895,ResNet18,0.00437238112588814,0.006877693072588664,39,35,48,83,0.003800475059382423,0.006571654790182106,42,36,stratified_track,f37d445eac4fe94ed5b346b8939aa361ab11f8f32b60cc5c06698bb858efaba8,0
GTSRB,42,none,0,GTSRBCNN,ResNet18,25,480,415,465,0.8645833333333334,0.96875,0.10416666666666663,ResNet18,0.03780287848424121,0.0385316539608883,10,9,556,478,0.0440221694378464,0.03784639746634996,9,10,stratified_track,f37d445eac4fe94ed5b346b8939aa361ab11f8f32b60cc5c06698bb858efaba8,0
GTSRB,42,none,0,GTSRBCNN,ResNet18,26,180,177,167,0.9833333333333333,0.9277777777777778,-0.05555555555555547,GTSRBCNN,0.016123155401712518,0.013838249917136228,22,22,226,204,0.01789390340459224,0.016152019002375298,19,22,stratified_track,f37d445eac4fe94ed5b346b8939aa361ab11f8f32b60cc5c06698bb858efaba8,0
GTSRB,42,none,0,GTSRBCNN,ResNet18,27,60,45,60,0.75,1.0,0.25,ResNet18,0.004099107305520131,0.004971826317533974,40,39,45,76,0.0035629453681710215,0.006017418844022169,43,38,stratified_track,f37d445eac4fe94ed5b346b8939aa361ab11f8f32b60cc5c06698bb858efaba8,0
GTSRB,42,none,0,GTSRBCNN,ResNet18,28,150,103,145,0.6866666666666666,0.9666666666666667,0.28,ResNet18,0.0093824011659683,0.012015246934040437,27,25,126,152,0.009976247030878859,0.012034837688044338,26,24,stratified_track,f37d445eac4fe94ed5b346b8939aa361ab11f8f32b60cc5c06698bb858efaba8,0
GTSRB,42,none,0,GTSRBCNN,ResNet18,29,90,83,90,0.9222222222222223,1.0,0.07777777777777772,ResNet18,0.007560575696848242,0.007457739476300961,31,32,117,91,0.009263657957244655,0.007205067300079177,28,32,stratified_track,f37d445eac4fe94ed5b346b8939aa361ab11f8f32b60cc5c06698bb858efaba8,0
GTSRB,42,none,0,GTSRBCNN,ResNet18,30,150,55,120,0.36666666666666664,0.8,0.4333333333333334,ResNet18,0.00501002004008016,0.009943652635067949,35,27,91,122,0.007205067300079177,0.009659540775930325,32,27,stratified_track,f37d445eac4fe94ed5b346b8939aa361ab11f8f32b60cc5c06698bb858efaba8,0
GTSRB,42,none,0,GTSRBCNN,ResNet18,31,270,205,262,0.7592592592592593,0.9703703703703703,0.21111111111111103,ResNet18,0.018673711058480598,0.021710308253231687,20,19,213,265,0.0168646080760095,0.02098178939034046,21,19,stratified_track,f37d445eac4fe94ed5b346b8939aa361ab11f8f32b60cc5c06698bb858efaba8,0
GTSRB,42,none,0,GTSRBCNN,ResNet18,32,60,50,46,0.8333333333333334,0.7666666666666667,-0.06666666666666665,GTSRBCNN,0.004554563672800146,0.0038117335101093804,38,43,77,50,0.0060965954077593035,0.00395882818685669,36,43,stratified_track,f37d445eac4fe94ed5b346b8939aa361ab11f8f32b60cc5c06698bb858efaba8,0
GTSRB,42,none,0,GTSRBCNN,ResNet18,33,210,202,205,0.9619047619047619,0.9761904761904762,0.014285714285714235,ResNet18,0.018400437238112587,0.016987073251574412,21,21,204,211,0.016152019002375298,0.016706254948535233,22,21,stratified_track,f37d445eac4fe94ed5b346b8939aa361ab11f8f32b60cc5c06698bb858efaba8,0
GTSRB,42,none,0,GTSRBCNN,ResNet18,34,120,117,119,0.975,0.9916666666666667,0.01666666666666672,ResNet18,0.01065767899435234,0.009860788863109048,25,28,118,119,0.00934283452098179,0.009422011084718924,27,28,stratified_track,f37d445eac4fe94ed5b346b8939aa361ab11f8f32b60cc5c06698bb858efaba8,0
GTSRB,42,none,0,GTSRBCNN,ResNet18,35,390,376,356,0.9641025641025641,0.9128205128205128,-0.05128205128205132,GTSRBCNN,0.034250318819457094,0.029499502817368246,13,16,399,360,0.031591448931116387,0.028503562945368172,15,16,stratified_track,f37d445eac4fe94ed5b346b8939aa361ab11f8f32b60cc5c06698bb858efaba8,0
GTSRB,42,none,0,GTSRBCNN,ResNet18,36,120,119,119,0.9916666666666667,0.9916666666666667,0.0,tie,0.010839861541264347,0.009860788863109048,24,29,159,119,0.012589073634204275,0.009422011084718924,24,29,stratified_track,f37d445eac4fe94ed5b346b8939aa361ab11f8f32b60cc5c06698bb858efaba8,0
GTSRB,42,none,0,GTSRBCNN,ResNet18,37,60,57,58,0.95,0.9666666666666667,0.01666666666666672,ResNet18,0.005192202586992166,0.004806098773616175,34,40,59,61,0.004671417260490895,0.004829770387965162,39,41,stratified_track,f37d445eac4fe94ed5b346b8939aa361ab11f8f32b60cc5c06698bb858efaba8,0
GTSRB,42,none,0,GTSRBCNN,ResNet18,38,690,656,631,0.9507246376811594,0.9144927536231884,-0.036231884057971064,GTSRBCNN,0.05975587538713791,0.05228704010606563,3,7,660,632,0.052256532066508314,0.050039588281868566,8,7,stratified_track,f37d445eac4fe94ed5b346b8939aa361ab11f8f32b60cc5c06698bb858efaba8,0
GTSRB,42,none,0,GTSRBCNN,ResNet18,39,90,80,88,0.8888888888888888,0.9777777777777777,0.0888888888888889,ResNet18,0.007287301876480233,0.007292011932383162,32,33,92,90,0.00728424386381631,0.007125890736342043,31,33,stratified_track,f37d445eac4fe94ed5b346b8939aa361ab11f8f32b60cc5c06698bb858efaba8,0
GTSRB,42,none,0,GTSRBCNN,ResNet18,40,90,75,81,0.8333333333333334,0.9,0.06666666666666665,ResNet18,0.006831845509200219,0.006711965528670865,33,36,90,87,0.007125890736342043,0.006888361045130641,33,35,stratified_track,f37d445eac4fe94ed5b346b8939aa361ab11f8f32b60cc5c06698bb858efaba8,0
GTSRB,42,none,0,GTSRBCNN,ResNet18,41,60,15,48,0.25,0.8,0.55,ResNet18,0.0013663691018400437,0.003977461054027179,43,42,59,63,0.004671417260490895,0.0049881235154394295,40,40,stratified_track,f37d445eac4fe94ed5b346b8939aa361ab11f8f32b60cc5c06698bb858efaba8,0
GTSRB,42,none,0,GTSRBCNN,ResNet18,42,90,42,88,0.4666666666666667,0.9777777777777777,0.5111111111111111,ResNet18,0.0038258334851521223,0.007292011932383162,41,34,73,88,0.005779889152810768,0.006967537608867775,37,34,stratified_track,f37d445eac4fe94ed5b346b8939aa361ab11f8f32b60cc5c06698bb858efaba8,0
GTSRB,42,blur,1,GTSRBCNN,ResNet18,0,60,33,57,0.55,0.95,0.3999999999999999,ResNet18,0.0030569708198239925,0.004759121649828839,42,40,55,59,0.00435471100554236,0.004671417260490895,41,42,stratified_track,f37d445eac4fe94ed5b346b8939aa361ab11f8f32b60cc5c06698bb858efaba8,0
GTSRB,42,blur,1,GTSRBCNN,ResNet18,1,720,654,708,0.9083333333333333,0.9833333333333333,0.07499999999999996,ResNet18,0.060583603520148216,0.059113300492610835,2,3,731,788,0.057878068091844814,0.062391132224861444,2,1,stratified_track,f37d445eac4fe94ed5b346b8939aa361ab11f8f32b60cc5c06698bb858efaba8,0
GTSRB,42,blur,1,GTSRBCNN,ResNet18,2,750,582,740,0.776,0.9866666666666667,0.21066666666666667,ResNet18,0.053913849004168596,0.0617850880854972,6,1,627,753,0.0496437054631829,0.05961995249406176,8,2,stratified_track,f37d445eac4fe94ed5b346b8939aa361ab11f8f32b60cc5c06698bb858efaba8,0
GTSRB,42,blur,1,GTSRBCNN,ResNet18,3,450,365,448,0.8111111111111111,0.9955555555555555,0.1844444444444444,ResNet18,0.03381194997684113,0.037405026300409115,14,10,460,603,0.03642121931908155,0.047743467933491684,13,8,stratified_track,f37d445eac4fe94ed5b346b8939aa361ab11f8f32b60cc5c06698bb858efaba8,0
GTSRB,42,blur,1,GTSRBCNN,ResNet18,4,660,576,651,0.8727272727272727,0.9863636363636363,0.11363636363636365,ResNet18,0.05335803612783696,0.054354178842782,7,6,689,714,0.054552652414885196,0.056532066508313536,4,4,stratified_track,f37d445eac4fe94ed5b346b8939aa361ab11f8f32b60cc5c06698bb858efaba8,0
GTSRB,42,blur,1,GTSRBCNN,ResNet18,5,630,478,444,0.7587301587301587,0.7047619047619048,-0.05396825396825389,GTSRBCNN,0.04427975914775359,0.037071052851298324,8,11,703,462,0.055661124307205066,0.03657957244655582,3,12,stratified_track,f37d445eac4fe94ed5b346b8939aa361ab11f8f32b60cc5c06698bb858efaba8,0
GTSRB,42,blur,1,GTSRBCNN,ResNet18,6,150,83,140,0.5533333333333333,0.9333333333333333,0.38,ResNet18,0.007688744789254284,0.011689070718877849,29,26,83,141,0.006571654790182106,0.011163895486935867,33,26,stratified_track,f37d445eac4fe94ed5b346b8939aa361ab11f8f32b60cc5c06698bb858efaba8,0
GTSRB,42,blur,1,GTSRBCNN,ResNet18,7,450,318,438,0.7066666666666667,0.9733333333333334,0.2666666666666667,ResNet18,0.029458082445576655,0.03657009267763213,16,12,390,463,0.030878859857482184,0.03665874901029295,15,11,stratified_track,f37d445eac4fe94ed5b346b8939aa361ab11f8f32b60cc5c06698bb858efaba8,0
GTSRB,42,blur,1,GTSRBCNN,ResNet18,8,450,374,406,0.8311111111111111,0.9022222222222223,0.07111111111111112,ResNet18,0.03464566929133858,0.03389830508474576,12,14,511,415,0.04045922406967538,0.03285827395091053,11,14,stratified_track,f37d445eac4fe94ed5b346b8939aa361ab11f8f32b60cc5c06698bb858efaba8,0
GTSRB,42,blur,1,GTSRBCNN,ResNet18,9,480,469,480,0.9770833333333333,1.0,0.022916666666666696,ResNet18,0.043446039833256136,0.04007681389329548,9,8,526,495,0.04164687252573238,0.039192399049881234,10,9,stratified_track,f37d445eac4fe94ed5b346b8939aa361ab11f8f32b60cc5c06698bb858efaba8,0
GTSRB,42,blur,1,GTSRBCNN,ResNet18,10,660,641,652,0.9712121212121212,0.9878787878787879,0.01666666666666672,ResNet18,0.05937934228809634,0.0544376722050597,5,5,666,653,0.052731591448931116,0.05170229612034838,6,6,stratified_track,f37d445eac4fe94ed5b346b8939aa361ab11f8f32b60cc5c06698bb858efaba8,0
GTSRB,42,blur,1,GTSRBCNN,ResNet18,11,420,389,408,0.9261904761904762,0.9714285714285714,0.04523809523809519,ResNet18,0.03603520148216767,0.03406529180930116,11,13,477,424,0.03776722090261283,0.033570863024544734,12,13,stratified_track,f37d445eac4fe94ed5b346b8939aa361ab11f8f32b60cc5c06698bb858efaba8,0
GTSRB,42,blur,1,GTSRBCNN,ResNet18,12,690,645,687,0.9347826086956522,0.9956521739130435,0.060869565217391286,ResNet18,0.05974988420565076,0.05735993988477916,4,4,676,688,0.05352335708630245,0.05447347585114806,5,5,stratified_track,f37d445eac4fe94ed5b346b8939aa361ab11f8f32b60cc5c06698bb858efaba8,0
GTSRB,42,blur,1,GTSRBCNN,ResNet18,13,720,715,717,0.9930555555555556,0.9958333333333333,0.002777777777777768,ResNet18,0.06623436776285317,0.05986474075311013,1,2,778,735,0.0615993665874901,0.05819477434679335,1,3,stratified_track,f37d445eac4fe94ed5b346b8939aa361ab11f8f32b60cc5c06698bb858efaba8,0
GTSRB,42,blur,1,GTSRBCNN,ResNet18,14,270,267,270,0.9888888888888889,1.0,0.011111111111111072,ResNet18,0.024733672996757758,0.02254320781497871,18,18,270,279,0.021377672209026127,0.022090261282660333,18,18,stratified_track,f37d445eac4fe94ed5b346b8939aa361ab11f8f32b60cc5c06698bb858efaba8,0
GTSRB,42,blur,1,GTSRBCNN,ResNet18,15,210,210,210,1.0,1.0,0.0,tie,0.019453450671607225,0.017533606078316773,19,20,223,211,0.01765637371338084,0.016706254948535233,20,21,stratified_track,f37d445eac4fe94ed5b346b8939aa361ab11f8f32b60cc5c06698bb858efaba8,0
GTSRB,42,blur,1,GTSRBCNN,ResNet18,16,150,124,145,0.8266666666666667,0.9666666666666667,0.14,ResNet18,0.011486799444187124,0.012106537530266344,23,24,133,154,0.010530482977038796,0.012193190815518607,25,24,stratified_track,f37d445eac4fe94ed5b346b8939aa361ab11f8f32b60cc5c06698bb858efaba8,0
GTSRB,42,blur,1,GTSRBCNN,ResNet18,17,360,325,349,0.9027777777777778,0.9694444444444444,0.06666666666666665,ResNet18,0.030106530801296896,0.029139183434916924,15,17,328,349,0.02596991290577989,0.0276326207442597,16,17,stratified_track,f37d445eac4fe94ed5b346b8939aa361ab11f8f32b60cc5c06698bb858efaba8,0
GTSRB,42,blur,1,GTSRBCNN,ResNet18,18,390,281,356,0.7205128205128205,0.9128205128205128,0.1923076923076923,ResNet18,0.02603056970819824,0.029723636970860817,17,15,326,380,0.025811559778305623,0.030087094220110848,17,15,stratified_track,f37d445eac4fe94ed5b346b8939aa361ab11f8f32b60cc5c06698bb858efaba8,0
GTSRB,42,blur,1,GTSRBCNN,ResNet18,19,60,54,60,0.9,1.0,0.09999999999999998,ResNet18,0.005002315886984715,0.005009601736661935,36,38,67,79,0.005304829770387965,0.006254948535233571,39,37,stratified_track,f37d445eac4fe94ed5b346b8939aa361ab11f8f32b60cc5c06698bb858efaba8,0
GTSRB,42,blur,1,GTSRBCNN,ResNet18,20,90,89,90,0.9888888888888889,1.0,0.011111111111111072,ResNet18,0.00824455766558592,0.007514402604992903,28,31,204,98,0.016152019002375298,0.007759303246239113,22,31,stratified_track,f37d445eac4fe94ed5b346b8939aa361ab11f8f32b60cc5c06698bb858efaba8,0
GTSRB,42,blur,1,GTSRBCNN,ResNet18,21,90,55,71,0.6111111111111112,0.7888888888888889,0.1777777777777777,ResNet18,0.005094951366373321,0.005928028721716623,34,37,81,71,0.006413301662707839,0.0056215360253365,35,39,stratified_track,f37d445eac4fe94ed5b346b8939aa361ab11f8f32b60cc5c06698bb858efaba8,0
GTSRB,42,blur,1,GTSRBCNN,ResNet18,22,120,101,106,0.8416666666666667,0.8833333333333333,0.04166666666666663,ResNet18,0.00935618341824919,0.008850296401436086,26,29,106,106,0.008392715756136183,0.008392715756136183,29,30,stratified_track,f37d445eac4fe94ed5b346b8939aa361ab11f8f32b60cc5c06698bb858efaba8,0
GTSRB,42,blur,1,GTSRBCNN,ResNet18,23,150,81,150,0.54,1.0,0.45999999999999996,ResNet18,0.007503473830477073,0.012524004341654838,31,23,93,162,0.007363420427553444,0.012826603325415678,31,23,stratified_track,f37d445eac4fe94ed5b346b8939aa361ab11f8f32b60cc5c06698bb858efaba8,0
GTSRB,42,blur,1,GTSRBCNN,ResNet18,24,90,47,80,0.5222222222222223,0.8888888888888888,0.3666666666666666,ResNet18,0.004353867531264474,0.006679468982215914,38,35,47,80,0.003721298495645289,0.006334125098970704,42,36,stratified_track,f37d445eac4fe94ed5b346b8939aa361ab11f8f32b60cc5c06698bb858efaba8,0
GTSRB,42,blur,1,GTSRBCNN,ResNet18,25,480,413,464,0.8604166666666667,0.9666666666666667,0.10624999999999996,ResNet18,0.03825845298749421,0.0387409200968523,10,9,578,480,0.045764053840063344,0.03800475059382423,9,10,stratified_track,f37d445eac4fe94ed5b346b8939aa361ab11f8f32b60cc5c06698bb858efaba8,0
GTSRB,42,blur,1,GTSRBCNN,ResNet18,26,180,177,168,0.9833333333333333,0.9333333333333333,-0.04999999999999993,GTSRBCNN,0.016396479851783233,0.014026884862653419,22,22,231,213,0.01828978622327791,0.0168646080760095,19,20,stratified_track,f37d445eac4fe94ed5b346b8939aa361ab11f8f32b60cc5c06698bb858efaba8,0
GTSRB,42,blur,1,GTSRBCNN,ResNet18,27,60,43,57,0.7166666666666667,0.95,0.23333333333333328,ResNet18,0.003983325613710051,0.004759121649828839,40,41,43,76,0.003404592240696754,0.006017418844022169,43,38,stratified_track,f37d445eac4fe94ed5b346b8939aa361ab11f8f32b60cc5c06698bb858efaba8,0
GTSRB,42,blur,1,GTSRBCNN,ResNet18,28,150,97,142,0.6466666666666666,0.9466666666666667,0.30000000000000004,ResNet18,0.008985641500694766,0.011856057443433246,27,25,118,149,0.00934283452098179,0.011797307996832937,27,25,stratified_track,f37d445eac4fe94ed5b346b8939aa361ab11f8f32b60cc5c06698bb858efaba8,0
GTSRB,42,blur,1,GTSRBCNN,ResNet18,29,90,83,90,0.9222222222222223,1.0,0.07777777777777772,ResNet18,0.007688744789254284,0.007514402604992903,30,32,121,95,0.009580364212193191,0.007521773555027712,26,32,stratified_track,f37d445eac4fe94ed5b346b8939aa361ab11f8f32b60cc5c06698bb858efaba8,0
GTSRB,42,blur,1,GTSRBCNN,ResNet18,30,150,46,105,0.30666666666666664,0.7,0.3933333333333333,ResNet18,0.004261232051875868,0.008766803039158387,39,30,83,111,0.006571654790182106,0.008788598574821853,34,29,stratified_track,f37d445eac4fe94ed5b346b8939aa361ab11f8f32b60cc5c06698bb858efaba8,0
GTSRB,42,blur,1,GTSRBCNN,ResNet18,31,270,198,261,0.7333333333333333,0.9666666666666667,0.2333333333333334,ResNet18,0.018341824918943955,0.021791767554479417,21,19,202,267,0.01599366587490103,0.021140142517814726,23,19,stratified_track,f37d445eac4fe94ed5b346b8939aa361ab11f8f32b60cc5c06698bb858efaba8,0
GTSRB,42,blur,1,GTSRBCNN,ResNet18,32,60,50,46,0.8333333333333334,0.7666666666666667,-0.06666666666666665,GTSRBCNN,0.004631773969430292,0.0038406946647741506,37,43,75,50,0.0059382422802850355,0.00395882818685669,36,43,stratified_track,f37d445eac4fe94ed5b346b8939aa361ab11f8f32b60cc5c06698bb858efaba8,0
GTSRB,42,blur,1,GTSRBCNN,ResNet18,33,210,202,205,0.9619047619047619,0.9761904761904762,0.014285714285714235,ResNet18,0.01871236683649838,0.01711613926692828,20,21,205,211,0.01623119556611243,0.016706254948535233,21,22,stratified_track,f37d445eac4fe94ed5b346b8939aa361ab11f8f32b60cc5c06698bb858efaba8,0
GTSRB,42,blur,1,GTSRBCNN,ResNet18,34,120,117,119,0.975,0.9916666666666667,0.01666666666666672,ResNet18,0.010838351088466883,0.009935710111046173,25,27,118,120,0.00934283452098179,0.009501187648456057,28,27,stratified_track,f37d445eac4fe94ed5b346b8939aa361ab11f8f32b60cc5c06698bb858efaba8,0
GTSRB,42,blur,1,GTSRBCNN,ResNet18,35,390,372,354,0.9538461538461539,0.9076923076923077,-0.04615384615384621,GTSRBCNN,0.03446039833256137,0.029556650246305417,13,16,397,357,0.03143309580364212,0.028266033254156768,14,16,stratified_track,f37d445eac4fe94ed5b346b8939aa361ab11f8f32b60cc5c06698bb858efaba8,0
GTSRB,42,blur,1,GTSRBCNN,ResNet18,36,120,118,119,0.9833333333333333,0.9916666666666667,0.008333333333333415,ResNet18,0.010930986567855489,0.009935710111046173,24,28,159,119,0.012589073634204275,0.009422011084718924,24,28,stratified_track,f37d445eac4fe94ed5b346b8939aa361ab11f8f32b60cc5c06698bb858efaba8,0
GTSRB,42,blur,1,GTSRBCNN,ResNet18,37,60,55,58,0.9166666666666666,0.9666666666666667,0.050000000000000044,ResNet18,0.005094951366373321,0.004842615012106538,35,39,59,66,0.004671417260490895,0.005225653206650831,40,40,stratified_track,f37d445eac4fe94ed5b346b8939aa361ab11f8f32b60cc5c06698bb858efaba8,0
GTSRB,42,blur,1,GTSRBCNN,ResNet18,38,690,654,622,0.9478260869565217,0.9014492753623189,-0.046376811594202816,GTSRBCNN,0.060583603520148216,0.05193287133672873,3,7,659,622,0.05217735550277118,0.04924782264449723,7,7,stratified_track,f37d445eac4fe94ed5b346b8939aa361ab11f8f32b60cc5c06698bb858efaba8,0
GTSRB,42,blur,1,GTSRBCNN,ResNet18,39,90,80,87,0.8888888888888888,0.9666666666666667,0.07777777777777783,ResNet18,0.007410838351088467,0.007263922518159807,32,33,99,89,0.007838479809976246,0.007046714172604909,30,33,stratified_track,f37d445eac4fe94ed5b346b8939aa361ab11f8f32b60cc5c06698bb858efaba8,0
GTSRB,42,blur,1,GTSRBCNN,ResNet18,40,90,75,79,0.8333333333333334,0.8777777777777778,0.0444444444444444,ResNet18,0.006947660954145438,0.006595975619938215,33,36,89,89,0.007046714172604909,0.007046714172604909,32,34,stratified_track,f37d445eac4fe94ed5b346b8939aa361ab11f8f32b60cc5c06698bb858efaba8,0
GTSRB,42,blur,1,GTSRBCNN,ResNet18,41,60,17,51,0.2833333333333333,0.85,0.5666666666666667,ResNet18,0.0015748031496062992,0.004258161476162645,43,42,70,66,0.0055423594615993665,0.005225653206650831,38,41,stratified_track,f37d445eac4fe94ed5b346b8939aa361ab11f8f32b60cc5c06698bb858efaba8,0
GTSRB,42,blur,1,GTSRBCNN,ResNet18,42,90,42,87,0.4666666666666667,0.9666666666666667,0.5,ResNet18,0.003890690134321445,0.007263922518159807,41,34,74,88,0.005859065716547902,0.006967537608867775,37,35,stratified_track,f37d445eac4fe94ed5b346b8939aa361ab11f8f32b60cc5c06698bb858efaba8,0
GTSRB,42,blur,2,GTSRBCNN,ResNet18,0,60,30,58,0.5,0.9666666666666667,0.4666666666666667,ResNet18,0.002888225666698758,0.004918171796828627,41,40,53,59,0.004196357878068092,0.004671417260490895,41,41,stratified_track,f37d445eac4fe94ed5b346b8939aa361ab11f8f32b60cc5c06698bb858efaba8,0
GTSRB,42,blur,2,GTSRBCNN,ResNet18,1,720,620,707,0.8611111111111112,0.9819444444444444,0.12083333333333324,ResNet18,0.059689997111774334,0.05995081828203171,5,3,702,790,0.05558194774346793,0.0625494853523357,4,1,stratified_track,f37d445eac4fe94ed5b346b8939aa361ab11f8f32b60cc5c06698bb858efaba8,0
GTSRB,42,blur,2,GTSRBCNN,ResNet18,2,750,510,730,0.68,0.9733333333333334,0.29333333333333333,ResNet18,0.049099836333878884,0.06190112778767065,7,1,558,739,0.044180522565320665,0.05851148060174188,9,2,stratified_track,f37d445eac4fe94ed5b346b8939aa361ab11f8f32b60cc5c06698bb858efaba8,0
GTSRB,42,blur,2,GTSRBCNN,ResNet18,3,450,345,448,0.7666666666666667,0.9955555555555555,0.2288888888888888,ResNet18,0.03321459516703572,0.037988637327228014,14,10,446,637,0.03531274742676168,0.050435471100554234,13,7,stratified_track,f37d445eac4fe94ed5b346b8939aa361ab11f8f32b60cc5c06698bb858efaba8,0
GTSRB,42,blur,2,GTSRBCNN,ResNet18,4,660,557,638,0.843939393939394,0.9666666666666667,0.12272727272727268,ResNet18,0.05362472321170694,0.0540998897651149,6,6,732,702,0.05795724465558195,0.05558194774346793,3,4,stratified_track,f37d445eac4fe94ed5b346b8939aa361ab11f8f32b60cc5c06698bb858efaba8,0
GTSRB,42,blur,2,GTSRBCNN,ResNet18,5,630,463,431,0.734920634920635,0.6841269841269841,-0.050793650793650835,GTSRBCNN,0.04457494945605083,0.036547104214364454,8,11,800,475,0.06334125098970704,0.03760886777513856,1,11,stratified_track,f37d445eac4fe94ed5b346b8939aa361ab11f8f32b60cc5c06698bb858efaba8,0
GTSRB,42,blur,2,GTSRBCNN,ResNet18,6,150,73,137,0.4866666666666667,0.9133333333333333,0.42666666666666664,ResNet18,0.007028015788966978,0.011617060968371068,31,26,73,146,0.005779889152810768,0.011559778305621536,37,26,stratified_track,f37d445eac4fe94ed5b346b8939aa361ab11f8f32b60cc5c06698bb858efaba8,0
GTSRB,42,blur,2,GTSRBCNN,ResNet18,7,450,286,426,0.6355555555555555,0.9466666666666667,0.3111111111111111,ResNet18,0.02753441802252816,0.03612312388705164,16,12,373,456,0.02953285827395091,0.036104513064133016,15,12,stratified_track,f37d445eac4fe94ed5b346b8939aa361ab11f8f32b60cc5c06698bb858efaba8,0
GTSRB,42,blur,2,GTSRBCNN,ResNet18,8,450,352,386,0.7822222222222223,0.8577777777777778,0.07555555555555549,ResNet18,0.03388851448926543,0.03273128126854914,13,14,507,395,0.040142517814726844,0.03127474267616785,11,15,stratified_track,f37d445eac4fe94ed5b346b8939aa361ab11f8f32b60cc5c06698bb858efaba8,0
GTSRB,42,blur,2,GTSRBCNN,ResNet18,9,480,463,479,0.9645833333333333,0.9979166666666667,0.033333333333333326,ResNet18,0.04457494945605083,0.04061731535656746,9,8,522,489,0.04133016627078385,0.03871733966745843,10,9,stratified_track,f37d445eac4fe94ed5b346b8939aa361ab11f8f32b60cc5c06698bb858efaba8,0
GTSRB,42,blur,2,GTSRBCNN,ResNet18,10,660,634,641,0.9606060606060606,0.9712121212121212,0.010606060606060619,ResNet18,0.061037835756233755,0.054354277961502585,4,5,670,642,0.05304829770387965,0.0508313539192399,6,6,stratified_track,f37d445eac4fe94ed5b346b8939aa361ab11f8f32b60cc5c06698bb858efaba8,0
GTSRB,42,blur,2,GTSRBCNN,ResNet18,11,420,388,400,0.9238095238095239,0.9523809523809523,0.02857142857142847,ResNet18,0.03735438528930394,0.03391842618502502,11,13,492,438,0.03895486935866983,0.03467933491686461,12,13,stratified_track,f37d445eac4fe94ed5b346b8939aa361ab11f8f32b60cc5c06698bb858efaba8,0
GTSRB,42,blur,2,GTSRBCNN,ResNet18,12,690,642,683,0.9304347826086956,0.9898550724637681,0.05942028985507253,ResNet18,0.061808029267353425,0.05791571271093021,3,4,672,688,0.05320665083135392,0.05447347585114806,5,5,stratified_track,f37d445eac4fe94ed5b346b8939aa361ab11f8f32b60cc5c06698bb858efaba8,0
GTSRB,42,blur,2,GTSRBCNN,ResNet18,13,720,711,717,0.9875,0.9958333333333333,0.008333333333333304,ResNet18,0.06845094830076057,0.06079877893665734,1,2,785,738,0.062153602533650036,0.05843230403800475,2,3,stratified_track,f37d445eac4fe94ed5b346b8939aa361ab11f8f32b60cc5c06698bb858efaba8,0
GTSRB,42,blur,2,GTSRBCNN,ResNet18,14,270,261,268,0.9666666666666667,0.9925925925925926,0.025925925925925908,ResNet18,0.025127563300279196,0.02272534554396676,18,18,268,276,0.02121931908155186,0.021852731591448932,18,18,stratified_track,f37d445eac4fe94ed5b346b8939aa361ab11f8f32b60cc5c06698bb858efaba8,0
GTSRB,42,blur,2,GTSRBCNN,ResNet18,15,210,207,210,0.9857142857142858,1.0,0.014285714285714235,ResNet18,0.01992875710022143,0.01780717374713813,19,20,225,211,0.017814726840855107,0.016706254948535233,20,21,stratified_track,f37d445eac4fe94ed5b346b8939aa361ab11f8f32b60cc5c06698bb858efaba8,0
GTSRB,42,blur,2,GTSRBCNN,ResNet18,16,150,118,146,0.7866666666666666,0.9733333333333334,0.18666666666666676,ResNet18,0.011360354289015115,0.01238022555753413,23,24,125,155,0.009897070467141725,0.01227236737925574,25,24,stratified_track,f37d445eac4fe94ed5b346b8939aa361ab11f8f32b60cc5c06698bb858efaba8,0
GTSRB,42,blur,2,GTSRBCNN,ResNet18,17,360,326,348,0.9055555555555556,0.9666666666666667,0.061111111111111116,ResNet18,0.03138538557812651,0.02950903078097176,15,17,336,350,0.02660332541567696,0.027711797307996833,16,17,stratified_track,f37d445eac4fe94ed5b346b8939aa361ab11f8f32b60cc5c06698bb858efaba8,0
GTSRB,42,blur,2,GTSRBCNN,ResNet18,18,390,272,350,0.6974358974358974,0.8974358974358975,0.20000000000000007,ResNet18,0.02618657937806874,0.02967862291189689,17,16,321,404,0.02541567695961995,0.03198733174980206,17,14,stratified_track,f37d445eac4fe94ed5b346b8939aa361ab11f8f32b60cc5c06698bb858efaba8,0
GTSRB,42,blur,2,GTSRBCNN,ResNet18,19,60,53,59,0.8833333333333333,0.9833333333333333,0.09999999999999998,ResNet18,0.005102532011167806,0.0050029678622911895,36,38,70,76,0.0055423594615993665,0.006017418844022169,39,36,stratified_track,f37d445eac4fe94ed5b346b8939aa361ab11f8f32b60cc5c06698bb858efaba8,0
GTSRB,42,blur,2,GTSRBCNN,ResNet18,20,90,85,90,0.9444444444444444,1.0,0.05555555555555558,ResNet18,0.008183306055646482,0.007631645891630628,27,31,214,102,0.016943784639746634,0.008076009501187649,21,30,stratified_track,f37d445eac4fe94ed5b346b8939aa361ab11f8f32b60cc5c06698bb858efaba8,0
GTSRB,42,blur,2,GTSRBCNN,ResNet18,21,90,54,69,0.6,0.7666666666666667,0.16666666666666674,ResNet18,0.005198806200057765,0.005850928516916815,34,37,79,69,0.006254948535233571,0.005463182897862233,34,39,stratified_track,f37d445eac4fe94ed5b346b8939aa361ab11f8f32b60cc5c06698bb858efaba8,0
GTSRB,42,blur,2,GTSRBCNN,ResNet18,22,120,97,104,0.8083333333333333,0.8666666666666667,0.05833333333333335,ResNet18,0.009338596322325985,0.008818790808106504,26,29,103,104,0.008155186064924783,0.008234362628661916,29,29,stratified_track,f37d445eac4fe94ed5b346b8939aa361ab11f8f32b60cc5c06698bb858efaba8,0
GTSRB,42,blur,2,GTSRBCNN,ResNet18,23,150,69,150,0.46,1.0,0.54,ResNet18,0.006642919033407144,0.01271940981938438,32,23,81,167,0.006413301662707839,0.013222486144101346,33,23,stratified_track,f37d445eac4fe94ed5b346b8939aa361ab11f8f32b60cc5c06698bb858efaba8,0
GTSRB,42,blur,2,GTSRBCNN,ResNet18,24,90,40,75,0.4444444444444444,0.8333333333333334,0.38888888888888895,ResNet18,0.003850967555598344,0.00635970490969219,39,36,41,75,0.0032462391132224862,0.0059382422802850355,42,37,stratified_track,f37d445eac4fe94ed5b346b8939aa361ab11f8f32b60cc5c06698bb858efaba8,0
GTSRB,42,blur,2,GTSRBCNN,ResNet18,25,480,401,461,0.8354166666666667,0.9604166666666667,0.125,ResNet18,0.0386059497448734,0.03909098617824133,10,9,629,477,0.049802058590657165,0.03776722090261283,8,10,stratified_track,f37d445eac4fe94ed5b346b8939aa361ab11f8f32b60cc5c06698bb858efaba8,0
GTSRB,42,blur,2,GTSRBCNN,ResNet18,26,180,176,167,0.9777777777777777,0.9277777777777778,-0.04999999999999993,GTSRBCNN,0.016944257244632714,0.014160942932247943,22,22,230,250,0.018210609659540775,0.01979414093428345,19,20,stratified_track,f37d445eac4fe94ed5b346b8939aa361ab11f8f32b60cc5c06698bb858efaba8,0
GTSRB,42,blur,2,GTSRBCNN,ResNet18,27,60,22,30,0.36666666666666664,0.5,0.13333333333333336,ResNet18,0.0021180321555790893,0.0025438819638768763,42,43,24,47,0.0019002375296912114,0.003721298495645289,43,43,stratified_track,f37d445eac4fe94ed5b346b8939aa361ab11f8f32b60cc5c06698bb858efaba8,0
GTSRB,42,blur,2,GTSRBCNN,ResNet18,28,150,83,141,0.5533333333333333,0.94,0.3866666666666666,ResNet18,0.007990757677866564,0.011956245230221318,28,25,109,150,0.008630245447347584,0.011876484560570071,27,25,stratified_track,f37d445eac4fe94ed5b346b8939aa361ab11f8f32b60cc5c06698bb858efaba8,0
GTSRB,42,blur,2,GTSRBCNN,ResNet18,29,90,67,81,0.7444444444444445,0.9,0.15555555555555556,ResNet18,0.0064503706556272265,0.006868481302467566,33,34,104,83,0.008234362628661916,0.006571654790182106,28,35,stratified_track,f37d445eac4fe94ed5b346b8939aa361ab11f8f32b60cc5c06698bb858efaba8,0
GTSRB,42,blur,2,GTSRBCNN,ResNet18,30,150,40,95,0.26666666666666666,0.6333333333333333,0.36666666666666664,ResNet18,0.003850967555598344,0.008055626218943441,40,30,79,102,0.006254948535233571,0.008076009501187649,35,31,stratified_track,f37d445eac4fe94ed5b346b8939aa361ab11f8f32b60cc5c06698bb858efaba8,0
GTSRB,42,blur,2,GTSRBCNN,ResNet18,31,270,185,256,0.6851851851851852,0.9481481481481482,0.26296296296296295,ResNet18,0.01781072494464234,0.02170779275841601,21,19,189,264,0.01496437054631829,0.020902612826603325,23,19,stratified_track,f37d445eac4fe94ed5b346b8939aa361ab11f8f32b60cc5c06698bb858efaba8,0
GTSRB,42,blur,2,GTSRBCNN,ResNet18,32,60,50,44,0.8333333333333334,0.7333333333333333,-0.10000000000000009,GTSRBCNN,0.00481370944449793,0.0037310268803527518,37,42,71,51,0.0056215360253365,0.0040380047505938245,38,42,stratified_track,f37d445eac4fe94ed5b346b8939aa361ab11f8f32b60cc5c06698bb858efaba8,0
GTSRB,42,blur,2,GTSRBCNN,ResNet18,33,210,202,202,0.9619047619047619,0.9619047619047619,0.0,tie,0.01944738615577164,0.017128805223437633,20,21,205,210,0.01623119556611243,0.0166270783847981,22,22,stratified_track,f37d445eac4fe94ed5b346b8939aa361ab11f8f32b60cc5c06698bb858efaba8,0
GTSRB,42,blur,2,GTSRBCNN,ResNet18,34,120,117,119,0.975,0.9916666666666667,0.01666666666666672,ResNet18,0.011264080100125156,0.010090731790044941,24,27,119,120,0.009422011084718924,0.009501187648456057,26,27,stratified_track,f37d445eac4fe94ed5b346b8939aa361ab11f8f32b60cc5c06698bb858efaba8,0
GTSRB,42,blur,2,GTSRBCNN,ResNet18,35,390,358,352,0.9179487179487179,0.9025641025641026,-0.01538461538461533,GTSRBCNN,0.03446615962260518,0.029848215042822014,12,15,386,353,0.03056215360253365,0.027949326999208234,14,16,stratified_track,f37d445eac4fe94ed5b346b8939aa361ab11f8f32b60cc5c06698bb858efaba8,0
GTSRB,42,blur,2,GTSRBCNN,ResNet18,36,120,113,118,0.9416666666666667,0.9833333333333333,0.04166666666666663,ResNet18,0.010878983344565323,0.010005935724582379,25,28,162,118,0.012826603325415678,0.00934283452098179,24,28,stratified_track,f37d445eac4fe94ed5b346b8939aa361ab11f8f32b60cc5c06698bb858efaba8,0
GTSRB,42,blur,2,GTSRBCNN,ResNet18,37,60,54,59,0.9,0.9833333333333333,0.08333333333333326,ResNet18,0.005198806200057765,0.0050029678622911895,35,39,58,66,0.004592240696753761,0.005225653206650831,40,40,stratified_track,f37d445eac4fe94ed5b346b8939aa361ab11f8f32b60cc5c06698bb858efaba8,0
GTSRB,42,blur,2,GTSRBCNN,ResNet18,38,690,650,614,0.9420289855072463,0.8898550724637682,-0.05217391304347818,GTSRBCNN,0.0625782227784731,0.0520647841940134,2,7,660,616,0.052256532066508314,0.04877276326207443,7,8,stratified_track,f37d445eac4fe94ed5b346b8939aa361ab11f8f32b60cc5c06698bb858efaba8,0
GTSRB,42,blur,2,GTSRBCNN,ResNet18,39,90,79,85,0.8777777777777778,0.9444444444444444,0.06666666666666665,ResNet18,0.0076056609223067295,0.007207665564317816,29,32,103,85,0.008155186064924783,0.006730007917656373,30,33,stratified_track,f37d445eac4fe94ed5b346b8939aa361ab11f8f32b60cc5c06698bb858efaba8,0
GTSRB,42,blur,2,GTSRBCNN,ResNet18,40,90,75,80,0.8333333333333334,0.8888888888888888,0.05555555555555547,ResNet18,0.007220564166746895,0.006783685237005003,30,35,96,96,0.007600950118764846,0.007600950118764846,31,32,stratified_track,f37d445eac4fe94ed5b346b8939aa361ab11f8f32b60cc5c06698bb858efaba8,0
GTSRB,42,blur,2,GTSRBCNN,ResNet18,41,60,18,54,0.3,0.9,0.6000000000000001,ResNet18,0.0017329354000192548,0.004578987534978377,43,41,84,74,0.00665083135391924,0.005859065716547902,32,38,stratified_track,f37d445eac4fe94ed5b346b8939aa361ab11f8f32b60cc5c06698bb858efaba8,0
GTSRB,42,blur,2,GTSRBCNN,ResNet18,42,90,41,85,0.45555555555555555,0.9444444444444444,0.4888888888888889,ResNet18,0.003947241744488302,0.007207665564317816,38,33,74,85,0.005859065716547902,0.006730007917656373,36,34,stratified_track,f37d445eac4fe94ed5b346b8939aa361ab11f8f32b60cc5c06698bb858efaba8,0
GTSRB,42,blur,3,GTSRBCNN,ResNet18,0,60,30,54,0.5,0.9,0.4,ResNet18,0.0030696817763225213,0.004723996150817951,40,40,66,58,0.005225653206650831,0.004592240696753761,38,41,stratified_track,f37d445eac4fe94ed5b346b8939aa361ab11f8f32b60cc5c06698bb858efaba8,0
GTSRB,42,blur,3,GTSRBCNN,ResNet18,1,720,557,694,0.7736111111111111,0.9638888888888889,0.19027777777777777,ResNet18,0.05699375831372148,0.060712098679030706,5,2,661,824,0.05233570863024545,0.06524148851939826,5,1,stratified_track,f37d445eac4fe94ed5b346b8939aa361ab11f8f32b60cc5c06698bb858efaba8,0
GTSRB,42,blur,3,GTSRBCNN,ResNet18,2,750,438,679,0.584,0.9053333333333333,0.32133333333333336,ResNet18,0.04481735393430881,0.05939987752602572,8,3,499,686,0.03950910530482977,0.054315122723673795,11,5,stratified_track,f37d445eac4fe94ed5b346b8939aa361ab11f8f32b60cc5c06698bb858efaba8,0
GTSRB,42,blur,3,GTSRBCNN,ResNet18,3,450,292,448,0.6488888888888888,0.9955555555555555,0.3466666666666667,ResNet18,0.029878235956205874,0.03919167176974893,15,10,409,702,0.03238321456848773,0.05558194774346793,13,3,stratified_track,f37d445eac4fe94ed5b346b8939aa361ab11f8f32b60cc5c06698bb858efaba8,0
GTSRB,42,blur,3,GTSRBCNN,ResNet18,4,660,528,614,0.8,0.9303030303030303,0.13030303030303025,ResNet18,0.054026399263276376,0.053713585863004114,6,6,743,680,0.05882818685669042,0.053840063341250986,3,6,stratified_track,f37d445eac4fe94ed5b346b8939aa361ab11f8f32b60cc5c06698bb858efaba8,0
GTSRB,42,blur,3,GTSRBCNN,ResNet18,5,630,437,409,0.6936507936507936,0.6492063492063492,-0.0444444444444444,GTSRBCNN,0.04471503120843139,0.035779896771935965,9,11,934,511,0.07395091053048297,0.04045922406967538,1,9,stratified_track,f37d445eac4fe94ed5b346b8939aa361ab11f8f32b60cc5c06698bb858efaba8,0
GTSRB,42,blur,3,GTSRBCNN,ResNet18,6,150,47,132,0.31333333333333335,0.88,0.5666666666666667,ResNet18,0.004809168116238617,0.01154754614644388,36,25,47,148,0.003721298495645289,0.011718131433095804,41,25,stratified_track,f37d445eac4fe94ed5b346b8939aa361ab11f8f32b60cc5c06698bb858efaba8,0
GTSRB,42,blur,3,GTSRBCNN,ResNet18,7,450,256,406,0.5688888888888889,0.9022222222222223,0.33333333333333337,ResNet18,0.02619461782461885,0.03551745254133497,17,12,349,461,0.0276326207442597,0.036500395882818684,16,13,stratified_track,f37d445eac4fe94ed5b346b8939aa361ab11f8f32b60cc5c06698bb858efaba8,0
GTSRB,42,blur,3,GTSRBCNN,ResNet18,8,450,319,340,0.7088888888888889,0.7555555555555555,0.046666666666666634,ResNet18,0.032640949554896145,0.029743679468113026,14,17,492,344,0.03895486935866983,0.02723673792557403,12,17,stratified_track,f37d445eac4fe94ed5b346b8939aa361ab11f8f32b60cc5c06698bb858efaba8,0
GTSRB,42,blur,3,GTSRBCNN,ResNet18,9,480,457,477,0.9520833333333333,0.99375,0.04166666666666674,ResNet18,0.04676148572597974,0.04172863266555857,7,8,517,483,0.04093428345209818,0.03824228028503563,10,10,stratified_track,f37d445eac4fe94ed5b346b8939aa361ab11f8f32b60cc5c06698bb858efaba8,0
GTSRB,42,blur,3,GTSRBCNN,ResNet18,10,660,615,625,0.9318181818181818,0.946969696969697,0.015151515151515249,ResNet18,0.06292847641461169,0.05467588137520777,4,5,658,629,0.05209817893903405,0.049802058590657165,6,7,stratified_track,f37d445eac4fe94ed5b346b8939aa361ab11f8f32b60cc5c06698bb858efaba8,0
GTSRB,42,blur,3,GTSRBCNN,ResNet18,11,420,386,388,0.919047619047619,0.9238095238095239,0.004761904761904856,ResNet18,0.039496572188683104,0.033942787157728985,10,13,518,431,0.041013460015835314,0.03412509897070467,9,14,stratified_track,f37d445eac4fe94ed5b346b8939aa361ab11f8f32b60cc5c06698bb858efaba8,0
GTSRB,42,blur,3,GTSRBCNN,ResNet18,12,690,632,675,0.9159420289855073,0.9782608695652174,0.062318840579710155,ResNet18,0.06466796275452778,0.05904995188522439,3,4,658,688,0.05209817893903405,0.05447347585114806,7,4,stratified_track,f37d445eac4fe94ed5b346b8939aa361ab11f8f32b60cc5c06698bb858efaba8,0
GTSRB,42,blur,3,GTSRBCNN,ResNet18,13,720,703,715,0.9763888888888889,0.9930555555555556,0.01666666666666672,ResNet18,0.07193287629182442,0.06254920829323769,1,1,797,737,0.06310372129849565,0.058353127474267616,2,2,stratified_track,f37d445eac4fe94ed5b346b8939aa361ab11f8f32b60cc5c06698bb858efaba8,0
GTSRB,42,blur,3,GTSRBCNN,ResNet18,14,270,247,257,0.9148148148148149,0.9518518518518518,0.03703703703703698,ResNet18,0.02527371329172209,0.022482722421485433,18,18,258,266,0.020427553444180523,0.021060965954077592,18,19,stratified_track,f37d445eac4fe94ed5b346b8939aa361ab11f8f32b60cc5c06698bb858efaba8,0
GTSRB,42,blur,3,GTSRBCNN,ResNet18,15,210,201,210,0.9571428571428572,1.0,0.042857142857142816,ResNet18,0.02056686790136089,0.01837109614206981,20,20,257,217,0.02034837688044339,0.017181314330958035,19,21,stratified_track,f37d445eac4fe94ed5b346b8939aa361ab11f8f32b60cc5c06698bb858efaba8,0
GTSRB,42,blur,3,GTSRBCNN,ResNet18,16,150,117,145,0.78,0.9666666666666667,0.18666666666666665,ResNet18,0.011971758927657833,0.012684804479048203,23,24,125,155,0.009897070467141725,0.01227236737925574,25,24,stratified_track,f37d445eac4fe94ed5b346b8939aa361ab11f8f32b60cc5c06698bb858efaba8,0
GTSRB,42,blur,3,GTSRBCNN,ResNet18,17,360,328,349,0.9111111111111111,0.9694444444444444,0.05833333333333335,ResNet18,0.0335618540877929,0.030531012159916018,13,14,353,350,0.027949326999208234,0.027711797307996833,15,15,stratified_track,f37d445eac4fe94ed5b346b8939aa361ab11f8f32b60cc5c06698bb858efaba8,0
GTSRB,42,blur,3,GTSRBCNN,ResNet18,18,390,258,346,0.6615384615384615,0.8871794871794871,0.22564102564102562,ResNet18,0.026399263276373684,0.03026856792931502,16,15,319,463,0.025257323832145684,0.03665874901029295,17,12,stratified_track,f37d445eac4fe94ed5b346b8939aa361ab11f8f32b60cc5c06698bb858efaba8,0
GTSRB,42,blur,3,GTSRBCNN,ResNet18,19,60,34,48,0.5666666666666667,0.8,0.2333333333333334,ResNet18,0.003478972679832191,0.004199107689615957,38,41,52,67,0.004117181314330958,0.005304829770387965,40,37,stratified_track,f37d445eac4fe94ed5b346b8939aa361ab11f8f32b60cc5c06698bb858efaba8,0
GTSRB,42,blur,3,GTSRBCNN,ResNet18,20,90,72,85,0.8,0.9444444444444444,0.14444444444444438,ResNet18,0.007367236263174051,0.0074359198670282565,30,30,227,101,0.017973079968329374,0.007996832937450515,20,30,stratified_track,f37d445eac4fe94ed5b346b8939aa361ab11f8f32b60cc5c06698bb858efaba8,0
GTSRB,42,blur,3,GTSRBCNN,ResNet18,21,90,51,64,0.5666666666666667,0.7111111111111111,0.1444444444444445,ResNet18,0.005218459019748286,0.005598810252821275,33,36,86,64,0.006809184481393508,0.005067300079176564,33,39,stratified_track,f37d445eac4fe94ed5b346b8939aa361ab11f8f32b60cc5c06698bb858efaba8,0
GTSRB,42,blur,3,GTSRBCNN,ResNet18,22,120,97,100,0.8083333333333333,0.8333333333333334,0.025000000000000022,ResNet18,0.009925304410109486,0.008748141020033243,26,29,111,100,0.008788598574821853,0.00791765637371338,28,31,stratified_track,f37d445eac4fe94ed5b346b8939aa361ab11f8f32b60cc5c06698bb858efaba8,0
GTSRB,42,blur,3,GTSRBCNN,ResNet18,23,150,58,146,0.38666666666666666,0.9733333333333334,0.5866666666666667,ResNet18,0.005934718100890208,0.012772285889248535,31,23,70,171,0.0055423594615993665,0.013539192399049882,36,23,stratified_track,f37d445eac4fe94ed5b346b8939aa361ab11f8f32b60cc5c06698bb858efaba8,0
GTSRB,42,blur,3,GTSRBCNN,ResNet18,24,90,12,64,0.13333333333333333,0.7111111111111111,0.5777777777777778,ResNet18,0.0012278727105290085,0.005598810252821275,43,37,20,65,0.001583531274742676,0.005146476642913698,42,38,stratified_track,f37d445eac4fe94ed5b346b8939aa361ab11f8f32b60cc5c06698bb858efaba8,0
GTSRB,42,blur,3,GTSRBCNN,ResNet18,25,480,377,457,0.7854166666666667,0.9520833333333333,0.16666666666666663,ResNet18,0.03857566765578635,0.03997900446155192,11,9,653,477,0.05170229612034838,0.03776722090261283,8,11,stratified_track,f37d445eac4fe94ed5b346b8939aa361ab11f8f32b60cc5c06698bb858efaba8,0
GTSRB,42,blur,3,GTSRBCNN,ResNet18,26,180,170,168,0.9444444444444444,0.9333333333333333,-0.011111111111111072,GTSRBCNN,0.017394863399160954,0.014696876913655848,21,22,226,282,0.01789390340459224,0.022327790973871733,21,18,stratified_track,f37d445eac4fe94ed5b346b8939aa361ab11f8f32b60cc5c06698bb858efaba8,0
GTSRB,42,blur,3,GTSRBCNN,ResNet18,27,60,14,24,0.23333333333333334,0.4,0.16666666666666669,ResNet18,0.0014325181622838433,0.0020995538448079784,42,43,18,34,0.0014251781472684087,0.0026920031670625497,43,43,stratified_track,f37d445eac4fe94ed5b346b8939aa361ab11f8f32b60cc5c06698bb858efaba8,0
GTSRB,42,blur,3,GTSRBCNN,ResNet18,28,150,73,129,0.4866666666666667,0.86,0.3733333333333333,ResNet18,0.007469558989051469,0.011285101915842883,29,26,108,137,0.00855106888361045,0.010847189231987332,30,26,stratified_track,f37d445eac4fe94ed5b346b8939aa361ab11f8f32b60cc5c06698bb858efaba8,0
GTSRB,42,blur,3,GTSRBCNN,ResNet18,29,90,52,67,0.5777777777777777,0.7444444444444445,0.16666666666666674,ResNet18,0.005320781745625704,0.0058612544834222725,32,35,103,71,0.008155186064924783,0.0056215360253365,32,36,stratified_track,f37d445eac4fe94ed5b346b8939aa361ab11f8f32b60cc5c06698bb858efaba8,0
GTSRB,42,blur,3,GTSRBCNN,ResNet18,30,150,33,84,0.22,0.56,0.3400000000000001,ResNet18,0.0033766499539547735,0.007348438456827924,39,31,70,98,0.0055423594615993665,0.007759303246239113,37,32,stratified_track,f37d445eac4fe94ed5b346b8939aa361ab11f8f32b60cc5c06698bb858efaba8,0
GTSRB,42,blur,3,GTSRBCNN,ResNet18,31,270,156,241,0.5777777777777777,0.8925925925925926,0.3148148148148149,ResNet18,0.01596234523687711,0.021083019858280115,22,19,162,251,0.012826603325415678,0.019873317498020585,23,20,stratified_track,f37d445eac4fe94ed5b346b8939aa361ab11f8f32b60cc5c06698bb858efaba8,0
GTSRB,42,blur,3,GTSRBCNN,ResNet18,32,60,51,43,0.85,0.7166666666666667,-0.1333333333333333,GTSRBCNN,0.005218459019748286,0.0037617006386142945,34,42,73,55,0.005779889152810768,0.00435471100554236,35,42,stratified_track,f37d445eac4fe94ed5b346b8939aa361ab11f8f32b60cc5c06698bb858efaba8,0
GTSRB,42,blur,3,GTSRBCNN,ResNet18,33,210,202,199,0.9619047619047619,0.9476190476190476,-0.014285714285714346,GTSRBCNN,0.02066919062723831,0.017408800629866154,19,21,210,204,0.0166270783847981,0.016152019002375298,22,22,stratified_track,f37d445eac4fe94ed5b346b8939aa361ab11f8f32b60cc5c06698bb858efaba8,0
GTSRB,42,blur,3,GTSRBCNN,ResNet18,34,120,117,119,0.975,0.9916666666666667,0.01666666666666672,ResNet18,0.011971758927657833,0.010410287813839559,24,27,119,119,0.009422011084718924,0.009422011084718924,26,27,stratified_track,f37d445eac4fe94ed5b346b8939aa361ab11f8f32b60cc5c06698bb858efaba8,0
GTSRB,42,blur,3,GTSRBCNN,ResNet18,35,390,343,344,0.8794871794871795,0.882051282051282,0.002564102564102555,ResNet18,0.03509669497595416,0.030093605108914356,12,16,383,346,0.03032462391132225,0.0273950910530483,14,16,stratified_track,f37d445eac4fe94ed5b346b8939aa361ab11f8f32b60cc5c06698bb858efaba8,0
GTSRB,42,blur,3,GTSRBCNN,ResNet18,36,120,102,118,0.85,0.9833333333333333,0.1333333333333333,ResNet18,0.010436918039496573,0.010322806403639227,25,28,150,118,0.011876484560570071,0.00934283452098179,24,28,stratified_track,f37d445eac4fe94ed5b346b8939aa361ab11f8f32b60cc5c06698bb858efaba8,0
GTSRB,42,blur,3,GTSRBCNN,ResNet18,37,60,50,58,0.8333333333333334,0.9666666666666667,0.1333333333333333,ResNet18,0.005116136293870869,0.005073921791619281,35,39,54,64,0.004275534441805225,0.005067300079176564,39,40,stratified_track,f37d445eac4fe94ed5b346b8939aa361ab11f8f32b60cc5c06698bb858efaba8,0
GTSRB,42,blur,3,GTSRBCNN,ResNet18,38,690,649,603,0.9405797101449276,0.8739130434782608,-0.06666666666666676,GTSRBCNN,0.06640744909444388,0.05275129035080046,2,7,671,606,0.053127474267616784,0.047980997624703085,4,8,stratified_track,f37d445eac4fe94ed5b346b8939aa361ab11f8f32b60cc5c06698bb858efaba8,0
GTSRB,42,blur,3,GTSRBCNN,ResNet18,39,90,78,84,0.8666666666666667,0.9333333333333333,0.06666666666666665,ResNet18,0.007981172618438555,0.007348438456827924,27,32,104,84,0.008234362628661916,0.00665083135391924,31,33,stratified_track,f37d445eac4fe94ed5b346b8939aa361ab11f8f32b60cc5c06698bb858efaba8,0
GTSRB,42,blur,3,GTSRBCNN,ResNet18,40,90,75,81,0.8333333333333334,0.9,0.06666666666666665,ResNet18,0.007674204440806303,0.007085994226226927,28,34,111,117,0.008788598574821853,0.009263657957244655,29,29,stratified_track,f37d445eac4fe94ed5b346b8939aa361ab11f8f32b60cc5c06698bb858efaba8,0
GTSRB,42,blur,3,GTSRBCNN,ResNet18,41,60,17,59,0.2833333333333333,0.9833333333333333,0.7,ResNet18,0.0017394863399160954,0.005161403201819613,41,38,113,83,0.00894695170229612,0.006571654790182106,27,34,stratified_track,f37d445eac4fe94ed5b346b8939aa361ab11f8f32b60cc5c06698bb858efaba8,0
GTSRB,42,blur,3,GTSRBCNN,ResNet18,42,90,42,83,0.4666666666666667,0.9222222222222223,0.4555555555555556,ResNet18,0.00429755448685153,0.007260957046627592,37,33,76,83,0.006017418844022169,0.006571654790182106,34,35,stratified_track,f37d445eac4fe94ed5b346b8939aa361ab11f8f32b60cc5c06698bb858efaba8,0
GTSRB,42,blur,4,GTSRBCNN,ResNet18,0,60,29,36,0.48333333333333334,0.6,0.11666666666666664,ResNet18,0.003203358002871976,0.0033837766707397313,38,40,70,42,0.0055423594615993665,0.00332541567695962,37,41,stratified_track,f37d445eac4fe94ed5b346b8939aa361ab11f8f32b60cc5c06698bb858efaba8,0
GTSRB,42,blur,4,GTSRBCNN,ResNet18,1,720,470,670,0.6527777777777778,0.9305555555555556,0.2777777777777778,ResNet18,0.05191649177068375,0.06297584359432278,5,2,610,908,0.04829770387965162,0.0718923198733175,8,1,stratified_track,f37d445eac4fe94ed5b346b8939aa361ab11f8f32b60cc5c06698bb858efaba8,0
GTSRB,42,blur,4,GTSRBCNN,ResNet18,2,750,347,570,0.46266666666666667,0.76,0.29733333333333334,ResNet18,0.038329835413675024,0.053576463953379075,11,6,422,579,0.033412509897070466,0.04584323040380048,12,9,stratified_track,f37d445eac4fe94ed5b346b8939aa361ab11f8f32b60cc5c06698bb858efaba8,0
GTSRB,42,blur,4,GTSRBCNN,ResNet18,3,450,243,447,0.54,0.9933333333333333,0.45333333333333325,ResNet18,0.026841930851651385,0.04201522699501833,15,10,393,827,0.03111638954869359,0.06547901821060965,13,2,stratified_track,f37d445eac4fe94ed5b346b8939aa361ab11f8f32b60cc5c06698bb858efaba8,0
GTSRB,42,blur,4,GTSRBCNN,ResNet18,4,660,467,515,0.7075757575757575,0.7803030303030303,0.07272727272727275,ResNet18,0.05158510990831768,0.048406805150860044,6,7,712,608,0.05637371338083927,0.04813935075217735,3,5,stratified_track,f37d445eac4fe94ed5b346b8939aa361ab11f8f32b60cc5c06698bb858efaba8,0
GTSRB,42,blur,4,GTSRBCNN,ResNet18,5,630,404,387,0.6412698412698413,0.6142857142857143,-0.026984126984127,GTSRBCNN,0.04462609079863029,0.03637559921045211,8,11,1094,606,0.08661916072842439,0.047980997624703085,1,6,stratified_track,f37d445eac4fe94ed5b346b8939aa361ab11f8f32b60cc5c06698bb858efaba8,0
GTSRB,42,blur,4,GTSRBCNN,ResNet18,6,150,35,121,0.23333333333333334,0.8066666666666666,0.5733333333333333,ResNet18,0.003866121727604109,0.011373249365541875,37,25,35,146,0.0027711797307996833,0.011559778305621536,41,26,stratified_track,f37d445eac4fe94ed5b346b8939aa361ab11f8f32b60cc5c06698bb858efaba8,0
GTSRB,42,blur,4,GTSRBCNN,ResNet18,7,450,196,381,0.43555555555555553,0.8466666666666667,0.41111111111111115,ResNet18,0.02165028167458301,0.03581163643199549,20,12,297,462,0.02351543942992874,0.03657957244655582,18,13,stratified_track,f37d445eac4fe94ed5b346b8939aa361ab11f8f32b60cc5c06698bb858efaba8,0
GTSRB,42,blur,4,GTSRBCNN,ResNet18,8,450,276,257,0.6133333333333333,0.5711111111111111,-0.04222222222222216,GTSRBCNN,0.03048713133767812,0.024156405677225302,14,17,494,261,0.0391132224861441,0.020665083135391924,11,18,stratified_track,f37d445eac4fe94ed5b346b8939aa361ab11f8f32b60cc5c06698bb858efaba8,0
GTSRB,42,blur,4,GTSRBCNN,ResNet18,9,480,449,469,0.9354166666666667,0.9770833333333333,0.04166666666666663,ResNet18,0.049596818734121285,0.04408309051602594,7,8,519,480,0.04109263657957245,0.03800475059382423,10,11,stratified_track,f37d445eac4fe94ed5b346b8939aa361ab11f8f32b60cc5c06698bb858efaba8,0
GTSRB,42,blur,4,GTSRBCNN,ResNet18,10,660,596,601,0.9030303030303031,0.9106060606060606,0.007575757575757569,ResNet18,0.06583452999005854,0.05649027164207163,4,4,634,605,0.05019794140934283,0.04790182106096595,7,7,stratified_track,f37d445eac4fe94ed5b346b8939aa361ab11f8f32b60cc5c06698bb858efaba8,0
GTSRB,42,blur,4,GTSRBCNN,ResNet18,11,420,383,375,0.9119047619047619,0.8928571428571429,-0.01904761904761898,GTSRBCNN,0.042306417762067824,0.03524767365353887,9,13,550,429,0.043547110055423596,0.0339667458432304,9,14,stratified_track,f37d445eac4fe94ed5b346b8939aa361ab11f8f32b60cc5c06698bb858efaba8,0
GTSRB,42,blur,4,GTSRBCNN,ResNet18,12,690,625,667,0.9057971014492754,0.9666666666666667,0.060869565217391286,ResNet18,0.06903788799293052,0.06269386220509446,3,3,647,689,0.05122723673792558,0.054552652414885196,6,4,stratified_track,f37d445eac4fe94ed5b346b8939aa361ab11f8f32b60cc5c06698bb858efaba8,0
GTSRB,42,blur,4,GTSRBCNN,ResNet18,13,720,700,705,0.9722222222222222,0.9791666666666666,0.00694444444444442,ResNet18,0.07732243455208218,0.06626562646865307,1,1,805,751,0.06373713380839272,0.05946159936658749,2,3,stratified_track,f37d445eac4fe94ed5b346b8939aa361ab11f8f32b60cc5c06698bb858efaba8,0
GTSRB,42,blur,4,GTSRBCNN,ResNet18,14,270,227,224,0.8407407407407408,0.8296296296296296,-0.011111111111111183,GTSRBCNN,0.025074560919032363,0.021054610395713883,17,18,241,236,0.01908155186064925,0.01868566904196358,19,20,stratified_track,f37d445eac4fe94ed5b346b8939aa361ab11f8f32b60cc5c06698bb858efaba8,0
GTSRB,42,blur,4,GTSRBCNN,ResNet18,15,210,197,208,0.9380952380952381,0.9904761904761905,0.05238095238095242,ResNet18,0.0217607422953717,0.01955070965316289,19,19,351,238,0.027790973871733966,0.018844022169437848,16,19,stratified_track,f37d445eac4fe94ed5b346b8939aa361ab11f8f32b60cc5c06698bb858efaba8,0
GTSRB,42,blur,4,GTSRBCNN,ResNet18,16,150,118,140,0.7866666666666666,0.9333333333333333,0.14666666666666672,ResNet18,0.013034353253065283,0.013159131497321177,22,24,123,157,0.009738717339667458,0.012430720506730008,27,25,stratified_track,f37d445eac4fe94ed5b346b8939aa361ab11f8f32b60cc5c06698bb858efaba8,0
GTSRB,42,blur,4,GTSRBCNN,ResNet18,17,360,329,342,0.9138888888888889,0.95,0.036111111111111094,ResNet18,0.03634154423947863,0.032145878372027446,13,14,380,343,0.030087094220110848,0.027157561361836897,15,15,stratified_track,f37d445eac4fe94ed5b346b8939aa361ab11f8f32b60cc5c06698bb858efaba8,0
GTSRB,42,blur,4,GTSRBCNN,ResNet18,18,390,230,333,0.5897435897435898,0.8538461538461538,0.26410256410256405,ResNet18,0.025405942781398433,0.03129993420434252,16,15,308,559,0.024386381631037214,0.0442596991290578,17,10,stratified_track,f37d445eac4fe94ed5b346b8939aa361ab11f8f32b60cc5c06698bb858efaba8,0
GTSRB,42,blur,4,GTSRBCNN,ResNet18,19,60,25,30,0.4166666666666667,0.5,0.08333333333333331,ResNet18,0.0027615155197172206,0.0028198138922831094,39,41,40,56,0.003167062549485352,0.004433887569279493,40,39,stratified_track,f37d445eac4fe94ed5b346b8939aa361ab11f8f32b60cc5c06698bb858efaba8,0
GTSRB,42,blur,4,GTSRBCNN,ResNet18,20,90,56,65,0.6222222222222222,0.7222222222222222,0.09999999999999998,ResNet18,0.006185794764166574,0.006109596766613403,29,34,239,83,0.01892319873317498,0.006571654790182106,20,33,stratified_track,f37d445eac4fe94ed5b346b8939aa361ab11f8f32b60cc5c06698bb858efaba8,0
GTSRB,42,blur,4,GTSRBCNN,ResNet18,21,90,48,50,0.5333333333333333,0.5555555555555556,0.022222222222222254,ResNet18,0.0053021097978570636,0.004699689820471849,32,37,80,50,0.006334125098970704,0.00395882818685669,33,40,stratified_track,f37d445eac4fe94ed5b346b8939aa361ab11f8f32b60cc5c06698bb858efaba8,0
GTSRB,42,blur,4,GTSRBCNN,ResNet18,22,120,93,92,0.775,0.7666666666666667,-0.008333333333333304,GTSRBCNN,0.010272837733348061,0.008647429269668203,25,29,120,92,0.009501187648456057,0.00728424386381631,29,30,stratified_track,f37d445eac4fe94ed5b346b8939aa361ab11f8f32b60cc5c06698bb858efaba8,0
GTSRB,42,blur,4,GTSRBCNN,ResNet18,23,150,39,145,0.26,0.9666666666666667,0.7066666666666667,ResNet18,0.004307964210758864,0.013629100479368361,36,23,48,175,0.003800475059382423,0.013855898653998416,38,23,stratified_track,f37d445eac4fe94ed5b346b8939aa361ab11f8f32b60cc5c06698bb858efaba8,0
GTSRB,42,blur,4,GTSRBCNN,ResNet18,24,90,7,26,0.07777777777777778,0.28888888888888886,0.21111111111111108,ResNet18,0.0007732243455208218,0.0024438387066453614,43,42,13,26,0.0010292953285827395,0.002058590657165479,43,42,stratified_track,f37d445eac4fe94ed5b346b8939aa361ab11f8f32b60cc5c06698bb858efaba8,0
GTSRB,42,blur,4,GTSRBCNN,ResNet18,25,480,359,451,0.7479166666666667,0.9395833333333333,0.19166666666666665,ResNet18,0.03965536286313929,0.042391202180656076,10,9,655,473,0.051860649247822646,0.037450514647664294,5,12,stratified_track,f37d445eac4fe94ed5b346b8939aa361ab11f8f32b60cc5c06698bb858efaba8,0
GTSRB,42,blur,4,GTSRBCNN,ResNet18,26,180,169,170,0.9388888888888889,0.9444444444444444,0.005555555555555536,ResNet18,0.018667844913288413,0.015978945389604288,21,22,233,334,0.018448139350752176,0.02644497228820269,21,16,stratified_track,f37d445eac4fe94ed5b346b8939aa361ab11f8f32b60cc5c06698bb858efaba8,0
GTSRB,42,blur,4,GTSRBCNN,ResNet18,27,60,11,17,0.18333333333333332,0.2833333333333333,0.1,ResNet18,0.001215066828675577,0.0015978945389604287,42,43,16,19,0.001266825019794141,0.0015043547110055423,42,43,stratified_track,f37d445eac4fe94ed5b346b8939aa361ab11f8f32b60cc5c06698bb858efaba8,0
GTSRB,42,blur,4,GTSRBCNN,ResNet18,28,150,51,108,0.34,0.72,0.37999999999999995,ResNet18,0.0056334916602231305,0.010151330012219193,30,28,93,116,0.007363420427553444,0.009184481393507521,32,29,stratified_track,f37d445eac4fe94ed5b346b8939aa361ab11f8f32b60cc5c06698bb858efaba8,0
GTSRB,42,blur,4,GTSRBCNN,ResNet18,29,90,43,41,0.4777777777777778,0.45555555555555555,-0.022222222222222254,GTSRBCNN,0.00474980669391362,0.003853745652786916,34,38,107,59,0.008471892319873317,0.004671417260490895,30,38,stratified_track,f37d445eac4fe94ed5b346b8939aa361ab11f8f32b60cc5c06698bb858efaba8,0
GTSRB,42,blur,4,GTSRBCNN,ResNet18,30,150,24,68,0.16,0.4533333333333333,0.29333333333333333,ResNet18,0.0026510548989285318,0.006391578155841715,40,33,78,88,0.006175771971496437,0.006967537608867775,34,31,stratified_track,f37d445eac4fe94ed5b346b8939aa361ab11f8f32b60cc5c06698bb858efaba8,0
GTSRB,42,blur,4,GTSRBCNN,ResNet18,31,270,118,200,0.43703703703703706,0.7407407407407407,0.30370370370370364,ResNet18,0.013034353253065283,0.018798759281887397,23,20,128,219,0.010134600158353128,0.017339667458432306,26,21,stratified_track,f37d445eac4fe94ed5b346b8939aa361ab11f8f32b60cc5c06698bb858efaba8,0
GTSRB,42,blur,4,GTSRBCNN,ResNet18,32,60,51,40,0.85,0.6666666666666666,-0.18333333333333335,GTSRBCNN,0.0056334916602231305,0.003759751856377479,31,39,78,79,0.006175771971496437,0.006254948535233571,35,35,stratified_track,f37d445eac4fe94ed5b346b8939aa361ab11f8f32b60cc5c06698bb858efaba8,0
GTSRB,42,blur,4,GTSRBCNN,ResNet18,33,210,202,197,0.9619047619047619,0.9380952380952381,-0.023809523809523836,GTSRBCNN,0.022313045399315144,0.018516777892659084,18,21,218,203,0.01726049089469517,0.016072842438638164,22,22,stratified_track,f37d445eac4fe94ed5b346b8939aa361ab11f8f32b60cc5c06698bb858efaba8,0
GTSRB,42,blur,4,GTSRBCNN,ResNet18,34,120,118,119,0.9833333333333333,0.9916666666666667,0.008333333333333415,ResNet18,0.013034353253065283,0.011185261772723,24,26,122,119,0.009659540775930325,0.009422011084718924,28,27,stratified_track,f37d445eac4fe94ed5b346b8939aa361ab11f8f32b60cc5c06698bb858efaba8,0
GTSRB,42,blur,4,GTSRBCNN,ResNet18,35,390,330,317,0.8461538461538461,0.8128205128205128,-0.033333333333333326,GTSRBCNN,0.03645200486026731,0.02979603346179152,12,16,384,321,0.030403800475059382,0.02541567695961995,14,17,stratified_track,f37d445eac4fe94ed5b346b8939aa361ab11f8f32b60cc5c06698bb858efaba8,0
GTSRB,42,blur,4,GTSRBCNN,ResNet18,36,120,93,116,0.775,0.9666666666666667,0.19166666666666665,ResNet18,0.010272837733348061,0.010903280383494689,26,27,141,118,0.011163895486935867,0.00934283452098179,23,28,stratified_track,f37d445eac4fe94ed5b346b8939aa361ab11f8f32b60cc5c06698bb858efaba8,0
GTSRB,42,blur,4,GTSRBCNN,ResNet18,37,60,44,57,0.7333333333333333,0.95,0.21666666666666667,ResNet18,0.004860267314702308,0.005357646395337908,33,35,48,60,0.003800475059382423,0.004750593824228029,39,37,stratified_track,f37d445eac4fe94ed5b346b8939aa361ab11f8f32b60cc5c06698bb858efaba8,0
GTSRB,42,blur,4,GTSRBCNN,ResNet18,38,690,642,595,0.9304347826086956,0.8623188405797102,-0.06811594202898541,GTSRBCNN,0.07091571854633823,0.055926308863615,2,5,668,601,0.05288994457640538,0.04758511480601742,4,8,stratified_track,f37d445eac4fe94ed5b346b8939aa361ab11f8f32b60cc5c06698bb858efaba8,0
GTSRB,42,blur,4,GTSRBCNN,ResNet18,39,90,74,70,0.8222222222222222,0.7777777777777778,-0.0444444444444444,GTSRBCNN,0.008174085938362973,0.006579565748660588,28,32,100,70,0.00791765637371338,0.0055423594615993665,31,36,stratified_track,f37d445eac4fe94ed5b346b8939aa361ab11f8f32b60cc5c06698bb858efaba8,0
GTSRB,42,blur,4,GTSRBCNN,ResNet18,40,90,76,82,0.8444444444444444,0.9111111111111111,0.06666666666666665,ResNet18,0.008395007179940352,0.007707491305573832,27,30,136,174,0.010768012668250199,0.013776722090261283,24,24,stratified_track,f37d445eac4fe94ed5b346b8939aa361ab11f8f32b60cc5c06698bb858efaba8,0
GTSRB,42,blur,4,GTSRBCNN,ResNet18,41,60,19,56,0.31666666666666665,0.9333333333333333,0.6166666666666667,ResNet18,0.002098751794985088,0.005263652598928471,41,36,129,86,0.010213776722090262,0.006809184481393508,25,32,stratified_track,f37d445eac4fe94ed5b346b8939aa361ab11f8f32b60cc5c06698bb858efaba8,0
GTSRB,42,blur,4,GTSRBCNN,ResNet18,42,90,40,79,0.4444444444444444,0.8777777777777778,0.43333333333333335,ResNet18,0.004418424831547554,0.0074255099163455214,35,31,71,83,0.0056215360253365,0.006571654790182106,36,34,stratified_track,f37d445eac4fe94ed5b346b8939aa361ab11f8f32b60cc5c06698bb858efaba8,0
GTSRB,42,blur,5,GTSRBCNN,ResNet18,0,60,29,9,0.48333333333333334,0.15,-0.33333333333333337,GTSRBCNN,0.0034631000716503465,0.0009607173356105893,37,41,70,13,0.0055423594615993665,0.0010292953285827395,35,41,stratified_track,f37d445eac4fe94ed5b346b8939aa361ab11f8f32b60cc5c06698bb858efaba8,0
GTSRB,42,blur,5,GTSRBCNN,ResNet18,1,720,420,632,0.5833333333333334,0.8777777777777778,0.2944444444444444,ResNet18,0.050155242417005017,0.06746370623398805,6,3,581,1101,0.046001583531274745,0.08717339667458432,8,1,stratified_track,f37d445eac4fe94ed5b346b8939aa361ab11f8f32b60cc5c06698bb858efaba8,0
GTSRB,42,blur,5,GTSRBCNN,ResNet18,2,750,260,368,0.3466666666666667,0.49066666666666664,0.14399999999999996,ResNet18,0.031048483401003104,0.03928266438941076,13,10,336,385,0.02660332541567696,0.030482977038796516,16,15,stratified_track,f37d445eac4fe94ed5b346b8939aa361ab11f8f32b60cc5c06698bb858efaba8,0
GTSRB,42,blur,5,GTSRBCNN,ResNet18,3,450,195,441,0.43333333333333335,0.98,0.5466666666666666,ResNet18,0.023286362550752327,0.047075149444918876,18,7,386,957,0.03056215360253365,0.07577197149643705,14,2,stratified_track,f37d445eac4fe94ed5b346b8939aa361ab11f8f32b60cc5c06698bb858efaba8,0
GTSRB,42,blur,5,GTSRBCNN,ResNet18,4,660,406,371,0.6151515151515151,0.5621212121212121,-0.05303030303030298,GTSRBCNN,0.048483401003104845,0.039602903501280956,7,9,662,484,0.05241488519398258,0.038321456848772764,3,9,stratified_track,f37d445eac4fe94ed5b346b8939aa361ab11f8f32b60cc5c06698bb858efaba8,0
GTSRB,42,blur,5,GTSRBCNN,ResNet18,5,630,393,364,0.6238095238095238,0.5777777777777777,-0.04603174603174609,GTSRBCNN,0.046930976833054694,0.038855678906917164,8,11,1322,790,0.1046714172604909,0.0625494853523357,1,4,stratified_track,f37d445eac4fe94ed5b346b8939aa361ab11f8f32b60cc5c06698bb858efaba8,0
GTSRB,42,blur,5,GTSRBCNN,ResNet18,6,150,17,98,0.11333333333333333,0.6533333333333333,0.54,ResNet18,0.002030093145450203,0.010461144321093083,40,27,17,149,0.0013460015835312748,0.011797307996832937,41,27,stratified_track,f37d445eac4fe94ed5b346b8939aa361ab11f8f32b60cc5c06698bb858efaba8,0
GTSRB,42,blur,5,GTSRBCNN,ResNet18,7,450,127,332,0.2822222222222222,0.7377777777777778,0.45555555555555555,ResNet18,0.015165989968951516,0.035439795046968404,21,13,207,463,0.0163895486935867,0.03665874901029295,22,11,stratified_track,f37d445eac4fe94ed5b346b8939aa361ab11f8f32b60cc5c06698bb858efaba8,0
GTSRB,42,blur,5,GTSRBCNN,ResNet18,8,450,237,159,0.5266666666666666,0.35333333333333333,-0.17333333333333328,GTSRBCNN,0.02830188679245283,0.01697267292912041,14,20,503,164,0.0398258115597783,0.012984956452889945,10,23,stratified_track,f37d445eac4fe94ed5b346b8939aa361ab11f8f32b60cc5c06698bb858efaba8,0
GTSRB,42,blur,5,GTSRBCNN,ResNet18,9,480,430,452,0.8958333333333334,0.9416666666666667,0.04583333333333328,ResNet18,0.051349414855505135,0.04824935952177626,5,6,487,468,0.038558986539984165,0.03705463182897862,11,10,stratified_track,f37d445eac4fe94ed5b346b8939aa361ab11f8f32b60cc5c06698bb858efaba8,0
GTSRB,42,blur,5,GTSRBCNN,ResNet18,10,660,577,561,0.8742424242424243,0.85,-0.024242424242424288,GTSRBCNN,0.06890374970145689,0.05988471391972673,4,5,617,565,0.04885193982581156,0.0447347585114806,7,8,stratified_track,f37d445eac4fe94ed5b346b8939aa361ab11f8f32b60cc5c06698bb858efaba8,0
GTSRB,42,blur,5,GTSRBCNN,ResNet18,11,420,375,351,0.8928571428571429,0.8357142857142857,-0.05714285714285716,GTSRBCNN,0.04478146644375448,0.03746797608881298,9,12,544,410,0.043072050673000795,0.03246239113222486,9,14,stratified_track,f37d445eac4fe94ed5b346b8939aa361ab11f8f32b60cc5c06698bb858efaba8,0
GTSRB,42,blur,5,GTSRBCNN,ResNet18,12,690,622,648,0.9014492753623189,0.9391304347826087,0.03768115942028982,ResNet18,0.07427752567470743,0.06917164816396243,3,2,635,680,0.05027711797307997,0.053840063341250986,6,5,stratified_track,f37d445eac4fe94ed5b346b8939aa361ab11f8f32b60cc5c06698bb858efaba8,0
GTSRB,42,blur,5,GTSRBCNN,ResNet18,13,720,698,692,0.9694444444444444,0.9611111111111111,-0.008333333333333304,GTSRBCNN,0.08335323620730833,0.07386848847139198,1,1,828,795,0.0655581947743468,0.06294536817102138,2,3,stratified_track,f37d445eac4fe94ed5b346b8939aa361ab11f8f32b60cc5c06698bb858efaba8,0
GTSRB,42,blur,5,GTSRBCNN,ResNet18,14,270,199,150,0.737037037037037,0.5555555555555556,-0.18148148148148147,GTSRBCNN,0.023764031526152377,0.01601195559350982,17,21,223,153,0.01765637371338084,0.012114014251781473,21,25,stratified_track,f37d445eac4fe94ed5b346b8939aa361ab11f8f32b60cc5c06698bb858efaba8,0
GTSRB,42,blur,5,GTSRBCNN,ResNet18,15,210,190,197,0.9047619047619048,0.9380952380952381,0.033333333333333326,ResNet18,0.022689276331502268,0.021029035012809564,19,17,427,281,0.033808392715756135,0.0222486144101346,12,18,stratified_track,f37d445eac4fe94ed5b346b8939aa361ab11f8f32b60cc5c06698bb858efaba8,0
GTSRB,42,blur,5,GTSRBCNN,ResNet18,16,150,118,131,0.7866666666666666,0.8733333333333333,0.08666666666666667,ResNet18,0.014091234774301409,0.013983774551665244,22,23,124,152,0.009817893903404592,0.012034837688044338,29,26,stratified_track,f37d445eac4fe94ed5b346b8939aa361ab11f8f32b60cc5c06698bb858efaba8,0
GTSRB,42,blur,5,GTSRBCNN,ResNet18,17,360,329,300,0.9138888888888889,0.8333333333333334,-0.08055555555555549,GTSRBCNN,0.03928827322665393,0.03202391118701964,11,15,408,307,0.032304038004750596,0.02430720506730008,13,16,stratified_track,f37d445eac4fe94ed5b346b8939aa361ab11f8f32b60cc5c06698bb858efaba8,0
GTSRB,42,blur,5,GTSRBCNN,ResNet18,18,390,213,310,0.5461538461538461,0.7948717948717948,0.24871794871794872,ResNet18,0.025435872940052544,0.03309137489325363,15,14,287,652,0.0227236737925574,0.051623119556611245,17,6,stratified_track,f37d445eac4fe94ed5b346b8939aa361ab11f8f32b60cc5c06698bb858efaba8,0
GTSRB,42,blur,5,GTSRBCNN,ResNet18,19,60,19,28,0.31666666666666665,0.4666666666666667,0.15000000000000002,ResNet18,0.0022689276331502267,0.0029888983774551663,38,38,34,58,0.0026920031670625497,0.004592240696753761,40,37,stratified_track,f37d445eac4fe94ed5b346b8939aa361ab11f8f32b60cc5c06698bb858efaba8,0
GTSRB,42,blur,5,GTSRBCNN,ResNet18,20,90,43,28,0.4777777777777778,0.3111111111111111,-0.16666666666666669,GTSRBCNN,0.0051349414855505135,0.0029888983774551663,30,39,225,49,0.017814726840855107,0.0038796516231195564,20,39,stratified_track,f37d445eac4fe94ed5b346b8939aa361ab11f8f32b60cc5c06698bb858efaba8,0
GTSRB,42,blur,5,GTSRBCNN,ResNet18,21,90,43,19,0.4777777777777778,0.2111111111111111,-0.2666666666666667,GTSRBCNN,0.0051349414855505135,0.0020281810418445773,31,40,58,19,0.004592240696753761,0.0015043547110055423,37,40,stratified_track,f37d445eac4fe94ed5b346b8939aa361ab11f8f32b60cc5c06698bb858efaba8,0
GTSRB,42,blur,5,GTSRBCNN,ResNet18,22,120,86,71,0.7166666666666667,0.5916666666666667,-0.125,GTSRBCNN,0.010269882971101027,0.007578992314261315,25,30,136,71,0.010768012668250199,0.0056215360253365,26,34,stratified_track,f37d445eac4fe94ed5b346b8939aa361ab11f8f32b60cc5c06698bb858efaba8,0
GTSRB,42,blur,5,GTSRBCNN,ResNet18,23,150,35,130,0.23333333333333334,0.8666666666666667,0.6333333333333333,ResNet18,0.004179603534750418,0.013877028181041844,33,24,46,154,0.003642121931908155,0.012193190815518607,38,24,stratified_track,f37d445eac4fe94ed5b346b8939aa361ab11f8f32b60cc5c06698bb858efaba8,0
GTSRB,42,blur,5,GTSRBCNN,ResNet18,24,90,5,3,0.05555555555555555,0.03333333333333333,-0.02222222222222222,GTSRBCNN,0.0005970862192500597,0.0003202391118701964,43,42,8,3,0.0006334125098970705,0.00023752969121140142,43,42,stratified_track,f37d445eac4fe94ed5b346b8939aa361ab11f8f32b60cc5c06698bb858efaba8,0
GTSRB,42,blur,5,GTSRBCNN,ResNet18,25,480,335,435,0.6979166666666666,0.90625,0.20833333333333337,ResNet18,0.040004776689754,0.04643467122117848,10,8,660,463,0.052256532066508314,0.03665874901029295,5,12,stratified_track,f37d445eac4fe94ed5b346b8939aa361ab11f8f32b60cc5c06698bb858efaba8,0
GTSRB,42,blur,5,GTSRBCNN,ResNet18,26,180,159,173,0.8833333333333333,0.9611111111111111,0.07777777777777783,ResNet18,0.0189873417721519,0.018467122117847994,20,19,230,420,0.018210609659540775,0.0332541567695962,19,13,stratified_track,f37d445eac4fe94ed5b346b8939aa361ab11f8f32b60cc5c06698bb858efaba8,0
GTSRB,42,blur,5,GTSRBCNN,ResNet18,27,60,10,0,0.16666666666666666,0.0,-0.16666666666666666,GTSRBCNN,0.0011941724385001193,0.0,42,43,15,0,0.0011876484560570072,0.0,42,43,stratified_track,f37d445eac4fe94ed5b346b8939aa361ab11f8f32b60cc5c06698bb858efaba8,0
GTSRB,42,blur,5,GTSRBCNN,ResNet18,28,150,33,92,0.22,0.6133333333333333,0.3933333333333333,ResNet18,0.003940769047050394,0.00982066609735269,35,28,82,113,0.0064924782264449725,0.00894695170229612,33,30,stratified_track,f37d445eac4fe94ed5b346b8939aa361ab11f8f32b60cc5c06698bb858efaba8,0
GTSRB,42,blur,5,GTSRBCNN,ResNet18,29,90,31,29,0.34444444444444444,0.32222222222222224,-0.0222222222222222,GTSRBCNN,0.0037019345593503703,0.0030956447480785655,36,37,129,70,0.010213776722090262,0.0055423594615993665,27,35,stratified_track,f37d445eac4fe94ed5b346b8939aa361ab11f8f32b60cc5c06698bb858efaba8,0
GTSRB,42,blur,5,GTSRBCNN,ResNet18,30,150,16,54,0.10666666666666667,0.36,0.2533333333333333,ResNet18,0.0019106759016001911,0.005764304013663535,41,33,82,81,0.0064924782264449725,0.006413301662707839,34,31,stratified_track,f37d445eac4fe94ed5b346b8939aa361ab11f8f32b60cc5c06698bb858efaba8,0
GTSRB,42,blur,5,GTSRBCNN,ResNet18,31,270,86,135,0.31851851851851853,0.5,0.18148148148148147,ResNet18,0.010269882971101027,0.014410760034158839,26,22,103,171,0.008155186064924783,0.013539192399049882,30,22,stratified_track,f37d445eac4fe94ed5b346b8939aa361ab11f8f32b60cc5c06698bb858efaba8,0
GTSRB,42,blur,5,GTSRBCNN,ResNet18,32,60,52,39,0.8666666666666667,0.65,-0.21666666666666667,GTSRBCNN,0.006209696680200621,0.004163108454312553,29,36,92,215,0.00728424386381631,0.017022961203483768,32,20,stratified_track,f37d445eac4fe94ed5b346b8939aa361ab11f8f32b60cc5c06698bb858efaba8,0
GTSRB,42,blur,5,GTSRBCNN,ResNet18,33,210,201,189,0.9571428571428572,0.9,-0.05714285714285716,GTSRBCNN,0.0240028660138524,0.020175064047822374,16,18,258,196,0.020427553444180523,0.015518606492478226,18,21,stratified_track,f37d445eac4fe94ed5b346b8939aa361ab11f8f32b60cc5c06698bb858efaba8,0
GTSRB,42,blur,5,GTSRBCNN,ResNet18,34,120,117,119,0.975,0.9916666666666667,0.01666666666666672,ResNet18,0.013971817530451397,0.012702818104184457,23,25,127,120,0.010055423594615994,0.009501187648456057,28,29,stratified_track,f37d445eac4fe94ed5b346b8939aa361ab11f8f32b60cc5c06698bb858efaba8,0
GTSRB,42,blur,5,GTSRBCNN,ResNet18,35,390,311,278,0.7974358974358975,0.7128205128205128,-0.08461538461538465,GTSRBCNN,0.03713876283735371,0.029675491033304868,12,16,378,284,0.02992874109263658,0.022486144101346,15,17,stratified_track,f37d445eac4fe94ed5b346b8939aa361ab11f8f32b60cc5c06698bb858efaba8,0
GTSRB,42,blur,5,GTSRBCNN,ResNet18,36,120,89,115,0.7416666666666667,0.9583333333333334,0.21666666666666667,ResNet18,0.010628134702651063,0.012275832621690862,24,26,140,122,0.011084718923198733,0.009659540775930325,25,28,stratified_track,f37d445eac4fe94ed5b346b8939aa361ab11f8f32b60cc5c06698bb858efaba8,0
GTSRB,42,blur,5,GTSRBCNN,ResNet18,37,60,34,54,0.5666666666666667,0.9,0.33333333333333337,ResNet18,0.004060186290900406,0.005764304013663535,34,34,38,54,0.0030087094220110845,0.004275534441805225,39,38,stratified_track,f37d445eac4fe94ed5b346b8939aa361ab11f8f32b60cc5c06698bb858efaba8,0
GTSRB,42,blur,5,GTSRBCNN,ResNet18,38,690,634,566,0.9188405797101449,0.8202898550724638,-0.09855072463768111,GTSRBCNN,0.07571053260090757,0.06041844577284372,2,4,661,569,0.05233570863024545,0.045051464766429135,4,7,stratified_track,f37d445eac4fe94ed5b346b8939aa361ab11f8f32b60cc5c06698bb858efaba8,0
GTSRB,42,blur,5,GTSRBCNN,ResNet18,39,90,69,60,0.7666666666666667,0.6666666666666666,-0.10000000000000009,GTSRBCNN,0.008239789825650825,0.0064047822374039285,28,32,102,60,0.008076009501187649,0.004750593824228029,31,36,stratified_track,f37d445eac4fe94ed5b346b8939aa361ab11f8f32b60cc5c06698bb858efaba8,0
GTSRB,42,blur,5,GTSRBCNN,ResNet18,40,90,73,74,0.8111111111111111,0.8222222222222222,0.011111111111111072,ResNet18,0.008717458801050872,0.007899231426131512,27,29,155,217,0.01227236737925574,0.017181314330958035,23,19,stratified_track,f37d445eac4fe94ed5b346b8939aa361ab11f8f32b60cc5c06698bb858efaba8,0
GTSRB,42,blur,5,GTSRBCNN,ResNet18,41,60,18,50,0.3,0.8333333333333334,0.5333333333333334,ResNet18,0.0021495103893002148,0.00533731853116994,39,35,144,78,0.01140142517814727,0.006175771971496437,24,32,stratified_track,f37d445eac4fe94ed5b346b8939aa361ab11f8f32b60cc5c06698bb858efaba8,0
GTSRB,42,blur,5,GTSRBCNN,ResNet18,42,90,40,61,0.4444444444444444,0.6777777777777778,0.2333333333333334,ResNet18,0.004776689754000477,0.006511528608027327,32,31,63,74,0.0049881235154394295,0.005859065716547902,36,33,stratified_track,f37d445eac4fe94ed5b346b8939aa361ab11f8f32b60cc5c06698bb858efaba8,0
GTSRB,42,noise,1,GTSRBCNN,ResNet18,0,60,37,53,0.6166666666666667,0.8833333333333333,0.2666666666666666,ResNet18,0.003777437468095967,0.004872219157933444,38,39,58,55,0.004592240696753761,0.00435471100554236,37,42,stratified_track,f37d445eac4fe94ed5b346b8939aa361ab11f8f32b60cc5c06698bb858efaba8,0
GTSRB,42,noise,1,GTSRBCNN,ResNet18,1,720,620,710,0.8611111111111112,0.9861111111111112,0.125,ResNet18,0.06329760081674324,0.0652693509836367,4,1,663,906,0.052494061757719715,0.07173396674584323,6,1,stratified_track,f37d445eac4fe94ed5b346b8939aa361ab11f8f32b60cc5c06698bb858efaba8,0
GTSRB,42,noise,1,GTSRBCNN,ResNet18,2,750,648,675,0.864,0.9,0.03600000000000003,ResNet18,0.066156202143951,0.06205184776613348,2,4,1181,751,0.09350752177355502,0.05946159936658749,1,3,stratified_track,f37d445eac4fe94ed5b346b8939aa361ab11f8f32b60cc5c06698bb858efaba8,0
GTSRB,42,noise,1,GTSRBCNN,ResNet18,3,450,320,434,0.7111111111111111,0.9644444444444444,0.2533333333333333,ResNet18,0.03266972945380296,0.039897039897039896,12,10,586,864,0.04639746634996041,0.0684085510688836,8,2,stratified_track,f37d445eac4fe94ed5b346b8939aa361ab11f8f32b60cc5c06698bb858efaba8,0
GTSRB,42,noise,1,GTSRBCNN,ResNet18,4,660,421,536,0.6378787878787879,0.8121212121212121,0.1742424242424242,ResNet18,0.04298111281265952,0.049273763559477844,8,7,550,600,0.043547110055423596,0.047505938242280284,9,6,stratified_track,f37d445eac4fe94ed5b346b8939aa361ab11f8f32b60cc5c06698bb858efaba8,0
GTSRB,42,noise,1,GTSRBCNN,ResNet18,5,630,426,345,0.6761904761904762,0.5476190476190477,-0.12857142857142856,GTSRBCNN,0.04349157733537519,0.031715388858246,7,13,760,448,0.060174188440221696,0.03547110055423595,3,11,stratified_track,f37d445eac4fe94ed5b346b8939aa361ab11f8f32b60cc5c06698bb858efaba8,0
GTSRB,42,noise,1,GTSRBCNN,ResNet18,6,150,35,112,0.23333333333333334,0.7466666666666667,0.5133333333333334,ResNet18,0.0035732516590096988,0.010296010296010296,39,28,35,151,0.0027711797307996833,0.011955661124307205,40,26,stratified_track,f37d445eac4fe94ed5b346b8939aa361ab11f8f32b60cc5c06698bb858efaba8,0
GTSRB,42,noise,1,GTSRBCNN,ResNet18,7,450,261,362,0.58,0.8044444444444444,0.22444444444444445,ResNet18,0.02664624808575804,0.03327817613531899,17,12,334,410,0.02644497228820269,0.03246239113222486,14,12,stratified_track,f37d445eac4fe94ed5b346b8939aa361ab11f8f32b60cc5c06698bb858efaba8,0
GTSRB,42,noise,1,GTSRBCNN,ResNet18,8,450,294,319,0.6533333333333333,0.7088888888888889,0.05555555555555558,ResNet18,0.03001531393568147,0.029325243610957896,15,15,503,348,0.0398258115597783,0.027553444180522565,11,14,stratified_track,f37d445eac4fe94ed5b346b8939aa361ab11f8f32b60cc5c06698bb858efaba8,0
GTSRB,42,noise,1,GTSRBCNN,ResNet18,9,480,381,460,0.79375,0.9583333333333334,0.16458333333333341,ResNet18,0.03889739663093415,0.042287185144328,11,9,423,488,0.0334916864608076,0.0386381631037213,13,10,stratified_track,f37d445eac4fe94ed5b346b8939aa361ab11f8f32b60cc5c06698bb858efaba8,0
GTSRB,42,noise,1,GTSRBCNN,ResNet18,10,660,536,570,0.8121212121212121,0.8636363636363636,0.051515151515151514,ResNet18,0.05472179683511996,0.05239933811362383,6,6,544,571,0.043072050673000795,0.0452098178939034,10,8,stratified_track,f37d445eac4fe94ed5b346b8939aa361ab11f8f32b60cc5c06698bb858efaba8,0
GTSRB,42,noise,1,GTSRBCNN,ResNet18,11,420,387,385,0.9214285714285714,0.9166666666666666,-0.004761904761904745,GTSRBCNN,0.03950995405819296,0.035392535392535396,10,11,452,395,0.03578780680918448,0.03127474267616785,12,13,stratified_track,f37d445eac4fe94ed5b346b8939aa361ab11f8f32b60cc5c06698bb858efaba8,0
GTSRB,42,noise,1,GTSRBCNN,ResNet18,12,690,609,677,0.8826086956521739,0.981159420289855,0.09855072463768111,ResNet18,0.06217457886676876,0.06223570509284795,5,3,657,685,0.05201900237529691,0.05423594615993666,7,5,stratified_track,f37d445eac4fe94ed5b346b8939aa361ab11f8f32b60cc5c06698bb858efaba8,0
GTSRB,42,noise,1,GTSRBCNN,ResNet18,13,720,712,696,0.9888888888888889,0.9666666666666667,-0.022222222222222254,GTSRBCNN,0.07269014803471159,0.06398234969663541,1,2,793,731,0.06278701504354711,0.057878068091844814,2,4,stratified_track,f37d445eac4fe94ed5b346b8939aa361ab11f8f32b60cc5c06698bb858efaba8,0
GTSRB,42,noise,1,GTSRBCNN,ResNet18,14,270,265,266,0.9814814814814815,0.9851851851851852,0.0037037037037036535,ResNet18,0.027054619703930576,0.02445302445302445,16,18,292,290,0.023119556611243073,0.022961203483768806,18,18,stratified_track,f37d445eac4fe94ed5b346b8939aa361ab11f8f32b60cc5c06698bb858efaba8,0
GTSRB,42,noise,1,GTSRBCNN,ResNet18,15,210,207,204,0.9857142857142858,0.9714285714285714,-0.014285714285714346,GTSRBCNN,0.02113323124042879,0.018753447324875896,19,19,223,204,0.01765637371338084,0.016152019002375298,19,23,stratified_track,f37d445eac4fe94ed5b346b8939aa361ab11f8f32b60cc5c06698bb858efaba8,0
GTSRB,42,noise,1,GTSRBCNN,ResNet18,16,150,111,123,0.74,0.82,0.07999999999999996,ResNet18,0.011332312404287902,0.011307225592939878,25,25,119,125,0.009422011084718924,0.009897070467141725,28,27,stratified_track,f37d445eac4fe94ed5b346b8939aa361ab11f8f32b60cc5c06698bb858efaba8,0
GTSRB,42,noise,1,GTSRBCNN,ResNet18,17,360,300,342,0.8333333333333334,0.95,0.11666666666666659,ResNet18,0.030627871362940276,0.03143960286817429,13,14,300,343,0.023752969121140142,0.027157561361836897,16,15,stratified_track,f37d445eac4fe94ed5b346b8939aa361ab11f8f32b60cc5c06698bb858efaba8,0
GTSRB,42,noise,1,GTSRBCNN,ResNet18,18,390,254,301,0.6512820512820513,0.7717948717948718,0.12051282051282053,ResNet18,0.0259315977539561,0.027670527670527672,18,17,293,324,0.023198733174980207,0.025653206650831355,17,16,stratified_track,f37d445eac4fe94ed5b346b8939aa361ab11f8f32b60cc5c06698bb858efaba8,0
GTSRB,42,noise,1,GTSRBCNN,ResNet18,19,60,30,30,0.5,0.5,0.0,tie,0.0030627871362940277,0.0027578599007170436,40,43,58,48,0.004592240696753761,0.003800475059382423,38,43,stratified_track,f37d445eac4fe94ed5b346b8939aa361ab11f8f32b60cc5c06698bb858efaba8,0
GTSRB,42,noise,1,GTSRBCNN,ResNet18,20,90,86,85,0.9555555555555556,0.9444444444444444,-0.011111111111111183,GTSRBCNN,0.008779989790709545,0.007813936385364957,29,31,179,87,0.014172604908946953,0.006888361045130641,23,32,stratified_track,f37d445eac4fe94ed5b346b8939aa361ab11f8f32b60cc5c06698bb858efaba8,0
GTSRB,42,noise,1,GTSRBCNN,ResNet18,21,90,49,73,0.5444444444444444,0.8111111111111111,0.2666666666666667,ResNet18,0.005002552322613579,0.0067107924250781395,35,33,68,73,0.005384006334125099,0.005779889152810768,35,35,stratified_track,f37d445eac4fe94ed5b346b8939aa361ab11f8f32b60cc5c06698bb858efaba8,0
GTSRB,42,noise,1,GTSRBCNN,ResNet18,22,120,91,103,0.7583333333333333,0.8583333333333333,0.09999999999999998,ResNet18,0.009290454313425216,0.009468652325795184,27,29,100,106,0.00791765637371338,0.008392715756136183,33,31,stratified_track,f37d445eac4fe94ed5b346b8939aa361ab11f8f32b60cc5c06698bb858efaba8,0
GTSRB,42,noise,1,GTSRBCNN,ResNet18,23,150,87,133,0.58,0.8866666666666667,0.30666666666666675,ResNet18,0.00888208269525268,0.012226512226512226,28,24,107,218,0.008471892319873317,0.01726049089469517,31,21,stratified_track,f37d445eac4fe94ed5b346b8939aa361ab11f8f32b60cc5c06698bb858efaba8,0
GTSRB,42,noise,1,GTSRBCNN,ResNet18,24,90,53,63,0.5888888888888889,0.7,0.11111111111111105,ResNet18,0.0054109239407861155,0.005791505791505791,33,35,68,65,0.005384006334125099,0.005146476642913698,36,38,stratified_track,f37d445eac4fe94ed5b346b8939aa361ab11f8f32b60cc5c06698bb858efaba8,0
GTSRB,42,noise,1,GTSRBCNN,ResNet18,25,480,396,463,0.825,0.9645833333333333,0.1395833333333334,ResNet18,0.04042879019908116,0.042562971134399705,9,8,671,508,0.053127474267616784,0.04022169437846398,5,9,stratified_track,f37d445eac4fe94ed5b346b8939aa361ab11f8f32b60cc5c06698bb858efaba8,0
GTSRB,42,noise,1,GTSRBCNN,ResNet18,26,180,158,165,0.8777777777777778,0.9166666666666666,0.03888888888888886,ResNet18,0.01613067891781521,0.01516822945394374,21,22,182,270,0.014410134600158353,0.021377672209026127,22,19,stratified_track,f37d445eac4fe94ed5b346b8939aa361ab11f8f32b60cc5c06698bb858efaba8,0
GTSRB,42,noise,1,GTSRBCNN,ResNet18,27,60,14,56,0.23333333333333334,0.9333333333333333,0.7,ResNet18,0.0014293006636038796,0.005148005148005148,41,36,15,85,0.0011876484560570072,0.006730007917656373,42,33,stratified_track,f37d445eac4fe94ed5b346b8939aa361ab11f8f32b60cc5c06698bb858efaba8,0
GTSRB,42,noise,1,GTSRBCNN,ResNet18,28,150,98,140,0.6533333333333333,0.9333333333333333,0.28,ResNet18,0.010005104645227157,0.01287001287001287,26,23,114,191,0.009026128266033254,0.015122723673792558,29,24,stratified_track,f37d445eac4fe94ed5b346b8939aa361ab11f8f32b60cc5c06698bb858efaba8,0
GTSRB,42,noise,1,GTSRBCNN,ResNet18,29,90,83,86,0.9222222222222223,0.9555555555555556,0.033333333333333326,ResNet18,0.008473711077080143,0.007905865048722191,31,30,112,111,0.008867775138558987,0.008788598574821853,30,30,stratified_track,f37d445eac4fe94ed5b346b8939aa361ab11f8f32b60cc5c06698bb858efaba8,0
GTSRB,42,noise,1,GTSRBCNN,ResNet18,30,150,5,46,0.03333333333333333,0.30666666666666664,0.2733333333333333,ResNet18,0.0005104645227156713,0.0042287185144328,43,41,25,67,0.001979414093428345,0.005304829770387965,41,36,stratified_track,f37d445eac4fe94ed5b346b8939aa361ab11f8f32b60cc5c06698bb858efaba8,0
GTSRB,42,noise,1,GTSRBCNN,ResNet18,31,270,143,180,0.5296296296296297,0.6666666666666666,0.13703703703703696,ResNet18,0.014599285349668197,0.01654715940430226,22,21,150,180,0.011876484560570071,0.014251781472684086,24,25,stratified_track,f37d445eac4fe94ed5b346b8939aa361ab11f8f32b60cc5c06698bb858efaba8,0
GTSRB,42,noise,1,GTSRBCNN,ResNet18,32,60,49,35,0.8166666666666667,0.5833333333333334,-0.23333333333333328,GTSRBCNN,0.005002552322613579,0.0032175032175032173,36,42,122,57,0.009659540775930325,0.004513064133016627,27,39,stratified_track,f37d445eac4fe94ed5b346b8939aa361ab11f8f32b60cc5c06698bb858efaba8,0
GTSRB,42,noise,1,GTSRBCNN,ResNet18,33,210,201,198,0.9571428571428572,0.9428571428571428,-0.014285714285714346,GTSRBCNN,0.020520673813169986,0.01820187534473249,20,20,202,208,0.01599366587490103,0.016468725257323832,20,22,stratified_track,f37d445eac4fe94ed5b346b8939aa361ab11f8f32b60cc5c06698bb858efaba8,0
GTSRB,42,noise,1,GTSRBCNN,ResNet18,34,120,118,119,0.9833333333333333,0.9916666666666667,0.008333333333333415,ResNet18,0.012046962736089841,0.010939510939510939,23,26,129,119,0.010213776722090262,0.009422011084718924,26,29,stratified_track,f37d445eac4fe94ed5b346b8939aa361ab11f8f32b60cc5c06698bb858efaba8,0
GTSRB,42,noise,1,GTSRBCNN,ResNet18,35,390,295,315,0.7564102564102564,0.8076923076923077,0.05128205128205132,ResNet18,0.030117406840224605,0.02895752895752896,14,16,307,324,0.02430720506730008,0.025653206650831355,15,17,stratified_track,f37d445eac4fe94ed5b346b8939aa361ab11f8f32b60cc5c06698bb858efaba8,0
GTSRB,42,noise,1,GTSRBCNN,ResNet18,36,120,118,119,0.9833333333333333,0.9916666666666667,0.008333333333333415,ResNet18,0.012046962736089841,0.010939510939510939,24,27,141,120,0.011163895486935867,0.009501187648456057,25,28,stratified_track,f37d445eac4fe94ed5b346b8939aa361ab11f8f32b60cc5c06698bb858efaba8,0
GTSRB,42,noise,1,GTSRBCNN,ResNet18,37,60,43,54,0.7166666666666667,0.9,0.18333333333333335,ResNet18,0.0043899948953547725,0.004964147821290678,37,38,47,57,0.003721298495645289,0.004513064133016627,39,40,stratified_track,f37d445eac4fe94ed5b346b8939aa361ab11f8f32b60cc5c06698bb858efaba8,0
GTSRB,42,noise,1,GTSRBCNN,ResNet18,38,690,647,594,0.9376811594202898,0.8608695652173913,-0.07681159420289851,GTSRBCNN,0.06605410923940785,0.05460562603419746,3,5,681,598,0.05391923990498813,0.047347585114806016,4,7,stratified_track,f37d445eac4fe94ed5b346b8939aa361ab11f8f32b60cc5c06698bb858efaba8,0
GTSRB,42,noise,1,GTSRBCNN,ResNet18,39,90,60,64,0.6666666666666666,0.7111111111111111,0.04444444444444451,ResNet18,0.006125574272588055,0.0058834344548630265,32,34,72,66,0.005700712589073635,0.005225653206650831,34,37,stratified_track,f37d445eac4fe94ed5b346b8939aa361ab11f8f32b60cc5c06698bb858efaba8,0
GTSRB,42,noise,1,GTSRBCNN,ResNet18,40,90,84,81,0.9333333333333333,0.9,-0.033333333333333326,GTSRBCNN,0.008575803981623277,0.007446221731936017,30,32,196,251,0.015518606492478226,0.019873317498020585,21,20,stratified_track,f37d445eac4fe94ed5b346b8939aa361ab11f8f32b60cc5c06698bb858efaba8,0
GTSRB,42,noise,1,GTSRBCNN,ResNet18,41,60,11,50,0.18333333333333332,0.8333333333333334,0.65,ResNet18,0.0011230219499744768,0.004596433167861739,42,40,14,76,0.0011084718923198734,0.006017418844022169,43,34,stratified_track,f37d445eac4fe94ed5b346b8939aa361ab11f8f32b60cc5c06698bb858efaba8,0
GTSRB,42,noise,1,GTSRBCNN,ResNet18,42,90,52,56,0.5777777777777777,0.6222222222222222,0.04444444444444451,ResNet18,0.005308831036242981,0.005148005148005148,34,37,104,56,0.008234362628661916,0.004433887569279493,32,41,stratified_track,f37d445eac4fe94ed5b346b8939aa361ab11f8f32b60cc5c06698bb858efaba8,0
GTSRB,42,noise,2,GTSRBCNN,ResNet18,0,60,31,39,0.5166666666666667,0.65,0.1333333333333333,ResNet18,0.004215966272269822,0.004328043502385972,34,39,57,42,0.004513064133016627,0.00332541567695962,36,42,stratified_track,f37d445eac4fe94ed5b346b8939aa361ab11f8f32b60cc5c06698bb858efaba8,0
GTSRB,42,noise,2,GTSRBCNN,ResNet18,1,720,517,692,0.7180555555555556,0.9611111111111111,0.24305555555555558,ResNet18,0.07031143750849993,0.07679502829874597,5,1,544,970,0.043072050673000795,0.0768012668250198,6,2,stratified_track,f37d445eac4fe94ed5b346b8939aa361ab11f8f32b60cc5c06698bb858efaba8,0
GTSRB,42,noise,2,GTSRBCNN,ResNet18,2,750,653,562,0.8706666666666667,0.7493333333333333,-0.1213333333333334,GTSRBCNN,0.08880728954168367,0.06236821662412607,2,4,3427,677,0.2713380839271576,0.053602533650039585,1,5,stratified_track,f37d445eac4fe94ed5b346b8939aa361ab11f8f32b60cc5c06698bb858efaba8,0
GTSRB,42,noise,2,GTSRBCNN,ResNet18,3,450,147,400,0.32666666666666666,0.8888888888888888,0.5622222222222222,ResNet18,0.019991840065279477,0.04439018976806126,18,7,455,1412,0.03602533650039588,0.11179730799683293,7,1,stratified_track,f37d445eac4fe94ed5b346b8939aa361ab11f8f32b60cc5c06698bb858efaba8,0
GTSRB,42,noise,2,GTSRBCNN,ResNet18,4,660,181,342,0.27424242424242423,0.5181818181818182,0.24393939393939396,ResNet18,0.02461580307357541,0.03795361225169237,15,10,266,440,0.021060965954077592,0.03483768804433888,14,12,stratified_track,f37d445eac4fe94ed5b346b8939aa361ab11f8f32b60cc5c06698bb858efaba8,0
GTSRB,42,noise,2,GTSRBCNN,ResNet18,5,630,217,290,0.34444444444444444,0.4603174603174603,0.11587301587301585,ResNet18,0.029511763905888753,0.03218288758184441,11,14,355,534,0.0281076801266825,0.04228028503562945,9,6,stratified_track,f37d445eac4fe94ed5b346b8939aa361ab11f8f32b60cc5c06698bb858efaba8,0
GTSRB,42,noise,2,GTSRBCNN,ResNet18,6,150,14,63,0.09333333333333334,0.42,0.32666666666666666,ResNet18,0.001903984768121855,0.006991454888469648,40,33,14,104,0.0011084718923198734,0.008234362628661916,41,29,stratified_track,f37d445eac4fe94ed5b346b8939aa361ab11f8f32b60cc5c06698bb858efaba8,0
GTSRB,42,noise,2,GTSRBCNN,ResNet18,7,450,112,317,0.24888888888888888,0.7044444444444444,0.45555555555555555,ResNet18,0.01523187814497484,0.03517922539118855,20,11,123,474,0.009738717339667458,0.03752969121140143,26,11,stratified_track,f37d445eac4fe94ed5b346b8939aa361ab11f8f32b60cc5c06698bb858efaba8,0
GTSRB,42,noise,2,GTSRBCNN,ResNet18,8,450,84,197,0.18666666666666668,0.43777777777777777,0.25111111111111106,ResNet18,0.01142390860873113,0.02186216846077017,25,18,128,286,0.010134600158353128,0.022644497228820268,24,17,stratified_track,f37d445eac4fe94ed5b346b8939aa361ab11f8f32b60cc5c06698bb858efaba8,0
GTSRB,42,noise,2,GTSRBCNN,ResNet18,9,480,251,395,0.5229166666666667,0.8229166666666666,0.29999999999999993,ResNet18,0.034135726914184684,0.043835312395960495,9,8,272,479,0.021536025336500397,0.037925574030087096,11,10,stratified_track,f37d445eac4fe94ed5b346b8939aa361ab11f8f32b60cc5c06698bb858efaba8,0
GTSRB,42,noise,2,GTSRBCNN,ResNet18,10,660,167,298,0.25303030303030305,0.45151515151515154,0.1984848484848485,ResNet18,0.022711818305453556,0.03307069137720564,17,13,168,299,0.01330166270783848,0.023673792557403008,22,16,stratified_track,f37d445eac4fe94ed5b346b8939aa361ab11f8f32b60cc5c06698bb858efaba8,0
GTSRB,42,noise,2,GTSRBCNN,ResNet18,11,420,353,374,0.8404761904761905,0.8904761904761904,0.04999999999999993,ResNet18,0.04800761593907249,0.04150482743313728,7,9,395,378,0.03127474267616785,0.02992874109263658,8,13,stratified_track,f37d445eac4fe94ed5b346b8939aa361ab11f8f32b60cc5c06698bb858efaba8,0
GTSRB,42,noise,2,GTSRBCNN,ResNet18,12,690,549,578,0.7956521739130434,0.8376811594202899,0.04202898550724643,ResNet18,0.07466340269277846,0.06414382421484852,4,3,693,700,0.05486935866983373,0.055423594615993665,4,4,stratified_track,f37d445eac4fe94ed5b346b8939aa361ab11f8f32b60cc5c06698bb858efaba8,0
GTSRB,42,noise,2,GTSRBCNN,ResNet18,13,720,695,633,0.9652777777777778,0.8791666666666667,-0.08611111111111114,GTSRBCNN,0.09451924384604923,0.07024747530795694,1,2,893,704,0.07070467141726049,0.0557403008709422,2,3,stratified_track,f37d445eac4fe94ed5b346b8939aa361ab11f8f32b60cc5c06698bb858efaba8,0
GTSRB,42,noise,2,GTSRBCNN,ResNet18,14,270,235,257,0.8703703703703703,0.9518518518518518,0.08148148148148149,ResNet18,0.03195974432204542,0.028520696925979357,10,15,267,484,0.021140142517814726,0.038321456848772764,13,9,stratified_track,f37d445eac4fe94ed5b346b8939aa361ab11f8f32b60cc5c06698bb858efaba8,0
GTSRB,42,noise,2,GTSRBCNN,ResNet18,15,210,168,136,0.8,0.6476190476190476,-0.1523809523809524,GTSRBCNN,0.02284781721746226,0.015092664521140827,16,21,173,137,0.01369754552652415,0.010847189231987332,21,25,stratified_track,f37d445eac4fe94ed5b346b8939aa361ab11f8f32b60cc5c06698bb858efaba8,0
GTSRB,42,noise,2,GTSRBCNN,ResNet18,16,150,89,106,0.5933333333333334,0.7066666666666667,0.11333333333333329,ResNet18,0.01210390316877465,0.011763400288536233,24,26,96,107,0.007600950118764846,0.008471892319873317,31,28,stratified_track,f37d445eac4fe94ed5b346b8939aa361ab11f8f32b60cc5c06698bb858efaba8,0
GTSRB,42,noise,2,GTSRBCNN,ResNet18,17,360,270,307,0.75,0.8527777777777777,0.10277777777777775,ResNet18,0.03671970624235006,0.03406947064698702,8,12,270,313,0.021377672209026127,0.024782264449722882,12,15,stratified_track,f37d445eac4fe94ed5b346b8939aa361ab11f8f32b60cc5c06698bb858efaba8,0
GTSRB,42,noise,2,GTSRBCNN,ResNet18,18,390,192,229,0.49230769230769234,0.5871794871794872,0.09487179487179487,ResNet18,0.026111791105671155,0.02541338364221507,12,17,225,278,0.017814726840855107,0.0220110847189232,15,19,stratified_track,f37d445eac4fe94ed5b346b8939aa361ab11f8f32b60cc5c06698bb858efaba8,0
GTSRB,42,noise,2,GTSRBCNN,ResNet18,19,60,29,30,0.48333333333333334,0.5,0.016666666666666663,ResNet18,0.003943968448252414,0.003329264232604594,35,40,92,49,0.00728424386381631,0.0038796516231195564,32,39,stratified_track,f37d445eac4fe94ed5b346b8939aa361ab11f8f32b60cc5c06698bb858efaba8,0
GTSRB,42,noise,2,GTSRBCNN,ResNet18,20,90,70,74,0.7777777777777778,0.8222222222222222,0.0444444444444444,ResNet18,0.009519923840609274,0.008212185107091333,30,31,188,77,0.014885193982581157,0.0060965954077593035,18,35,stratified_track,f37d445eac4fe94ed5b346b8939aa361ab11f8f32b60cc5c06698bb858efaba8,0
GTSRB,42,noise,2,GTSRBCNN,ResNet18,21,90,43,70,0.4777777777777778,0.7777777777777778,0.3,ResNet18,0.005847953216374269,0.0077682832094107205,33,32,50,70,0.00395882818685669,0.0055423594615993665,37,36,stratified_track,f37d445eac4fe94ed5b346b8939aa361ab11f8f32b60cc5c06698bb858efaba8,0
GTSRB,42,noise,2,GTSRBCNN,ResNet18,22,120,76,83,0.6333333333333333,0.6916666666666667,0.05833333333333335,ResNet18,0.0103359173126615,0.00921096437687271,27,27,97,89,0.007680126682501979,0.007046714172604909,29,30,stratified_track,f37d445eac4fe94ed5b346b8939aa361ab11f8f32b60cc5c06698bb858efaba8,0
GTSRB,42,noise,2,GTSRBCNN,ResNet18,23,150,72,107,0.48,0.7133333333333334,0.2333333333333334,ResNet18,0.009791921664626682,0.011874375762956387,28,25,97,193,0.007680126682501979,0.015281076801266825,30,23,stratified_track,f37d445eac4fe94ed5b346b8939aa361ab11f8f32b60cc5c06698bb858efaba8,0
GTSRB,42,noise,2,GTSRBCNN,ResNet18,24,90,17,21,0.18888888888888888,0.23333333333333334,0.04444444444444445,ResNet18,0.0023119815041479667,0.002330484962823216,39,42,49,37,0.0038796516231195564,0.002929532858273951,38,43,stratified_track,f37d445eac4fe94ed5b346b8939aa361ab11f8f32b60cc5c06698bb858efaba8,0
GTSRB,42,noise,2,GTSRBCNN,ResNet18,25,480,378,447,0.7875,0.93125,0.14375000000000004,ResNet18,0.051407588739290085,0.049606037065808455,6,6,662,502,0.05241488519398258,0.03974663499604117,5,8,stratified_track,f37d445eac4fe94ed5b346b8939aa361ab11f8f32b60cc5c06698bb858efaba8,0
GTSRB,42,noise,2,GTSRBCNN,ResNet18,26,180,111,162,0.6166666666666667,0.9,0.2833333333333333,ResNet18,0.015095879232966136,0.01797802685606481,21,20,125,323,0.009897070467141725,0.025574030087094222,25,14,stratified_track,f37d445eac4fe94ed5b346b8939aa361ab11f8f32b60cc5c06698bb858efaba8,0
GTSRB,42,noise,2,GTSRBCNN,ResNet18,27,60,3,43,0.05,0.7166666666666667,0.6666666666666666,ResNet18,0.0004079967360261118,0.004771945400066585,41,37,3,82,0.00023752969121140142,0.0064924782264449725,42,33,stratified_track,f37d445eac4fe94ed5b346b8939aa361ab11f8f32b60cc5c06698bb858efaba8,0
GTSRB,42,noise,2,GTSRBCNN,ResNet18,28,150,77,129,0.5133333333333333,0.86,0.3466666666666667,ResNet18,0.010471916224670202,0.014315836200199756,26,22,100,210,0.00791765637371338,0.0166270783847981,28,22,stratified_track,f37d445eac4fe94ed5b346b8939aa361ab11f8f32b60cc5c06698bb858efaba8,0
GTSRB,42,noise,2,GTSRBCNN,ResNet18,29,90,68,80,0.7555555555555555,0.8888888888888888,0.1333333333333333,ResNet18,0.009247926016591867,0.008878037953612252,31,28,85,283,0.006730007917656373,0.022406967537608867,33,18,stratified_track,f37d445eac4fe94ed5b346b8939aa361ab11f8f32b60cc5c06698bb858efaba8,0
GTSRB,42,noise,2,GTSRBCNN,ResNet18,30,150,0,26,0.0,0.17333333333333334,0.17333333333333334,ResNet18,0.0,0.0028853623349239816,42,41,17,61,0.0013460015835312748,0.004829770387965162,40,37,stratified_track,f37d445eac4fe94ed5b346b8939aa361ab11f8f32b60cc5c06698bb858efaba8,0
GTSRB,42,noise,2,GTSRBCNN,ResNet18,31,270,107,79,0.3962962962962963,0.29259259259259257,-0.10370370370370374,GTSRBCNN,0.01455188358493132,0.008767062479192098,22,29,152,79,0.012034837688044338,0.006254948535233571,23,34,stratified_track,f37d445eac4fe94ed5b346b8939aa361ab11f8f32b60cc5c06698bb858efaba8,0
GTSRB,42,noise,2,GTSRBCNN,ResNet18,32,60,28,17,0.4666666666666667,0.2833333333333333,-0.18333333333333335,GTSRBCNN,0.00380796953624371,0.0018865830651426034,36,43,292,85,0.023119556611243073,0.006730007917656373,10,32,stratified_track,f37d445eac4fe94ed5b346b8939aa361ab11f8f32b60cc5c06698bb858efaba8,0
GTSRB,42,noise,2,GTSRBCNN,ResNet18,33,210,182,183,0.8666666666666667,0.8714285714285714,0.004761904761904745,ResNet18,0.024751801985584115,0.020308511818888025,14,19,182,190,0.014410134600158353,0.015043547110055424,19,24,stratified_track,f37d445eac4fe94ed5b346b8939aa361ab11f8f32b60cc5c06698bb858efaba8,0
GTSRB,42,noise,2,GTSRBCNN,ResNet18,34,120,103,112,0.8583333333333333,0.9333333333333333,0.07500000000000007,ResNet18,0.014007887936896505,0.012429253135057152,23,24,113,112,0.00894695170229612,0.008867775138558987,27,27,stratified_track,f37d445eac4fe94ed5b346b8939aa361ab11f8f32b60cc5c06698bb858efaba8,0
GTSRB,42,noise,2,GTSRBCNN,ResNet18,35,390,188,239,0.48205128205128206,0.6128205128205129,0.1307692307692308,ResNet18,0.02556779545763634,0.026523138386416602,13,16,199,259,0.015756136183689626,0.020506730007917657,17,20,stratified_track,f37d445eac4fe94ed5b346b8939aa361ab11f8f32b60cc5c06698bb858efaba8,0
GTSRB,42,noise,2,GTSRBCNN,ResNet18,36,120,116,115,0.9666666666666667,0.9583333333333334,-0.008333333333333304,GTSRBCNN,0.015775873793009657,0.012762179558317611,19,23,179,115,0.014172604908946953,0.009105304829770388,20,26,stratified_track,f37d445eac4fe94ed5b346b8939aa361ab11f8f32b60cc5c06698bb858efaba8,0
GTSRB,42,noise,2,GTSRBCNN,ResNet18,37,60,28,40,0.4666666666666667,0.6666666666666666,0.19999999999999996,ResNet18,0.00380796953624371,0.004439018976806126,37,38,29,43,0.0022961203483768803,0.003404592240696754,39,41,stratified_track,f37d445eac4fe94ed5b346b8939aa361ab11f8f32b60cc5c06698bb858efaba8,0
GTSRB,42,noise,2,GTSRBCNN,ResNet18,38,690,576,508,0.8347826086956521,0.736231884057971,-0.09855072463768111,GTSRBCNN,0.07833537331701346,0.0563755410054378,3,5,753,516,0.05961995249406176,0.04085510688836105,3,7,stratified_track,f37d445eac4fe94ed5b346b8939aa361ab11f8f32b60cc5c06698bb858efaba8,0
GTSRB,42,noise,2,GTSRBCNN,ResNet18,39,90,60,60,0.6666666666666666,0.6666666666666666,0.0,tie,0.008159934720522236,0.006658528465209188,32,34,71,60,0.0056215360253365,0.004750593824228029,34,38,stratified_track,f37d445eac4fe94ed5b346b8939aa361ab11f8f32b60cc5c06698bb858efaba8,0
GTSRB,42,noise,2,GTSRBCNN,ResNet18,40,90,72,77,0.8,0.8555555555555555,0.05555555555555547,ResNet18,0.009791921664626682,0.008545111530351793,29,30,207,245,0.0163895486935867,0.019398258115597783,16,21,stratified_track,f37d445eac4fe94ed5b346b8939aa361ab11f8f32b60cc5c06698bb858efaba8,0
GTSRB,42,noise,2,GTSRBCNN,ResNet18,41,60,0,48,0.0,0.8,0.8,ResNet18,0.0,0.005326822772167351,43,35,3,86,0.00023752969121140142,0.006809184481393508,43,31,stratified_track,f37d445eac4fe94ed5b346b8939aa361ab11f8f32b60cc5c06698bb858efaba8,0
GTSRB,42,noise,2,GTSRBCNN,ResNet18,42,90,24,46,0.26666666666666666,0.5111111111111111,0.2444444444444444,ResNet18,0.0032639738882088943,0.005104871823327045,38,36,64,46,0.005067300079176564,0.003642121931908155,35,40,stratified_track,f37d445eac4fe94ed5b346b8939aa361ab11f8f32b60cc5c06698bb858efaba8,0
GTSRB,42,noise,3,GTSRBCNN,ResNet18,0,60,25,28,0.4166666666666667,0.4666666666666667,0.04999999999999999,ResNet18,0.004453946196329948,0.003945329012258701,32,36,56,37,0.004433887569279493,0.002929532858273951,32,40,stratified_track,f37d445eac4fe94ed5b346b8939aa361ab11f8f32b60cc5c06698bb858efaba8,0
GTSRB,42,noise,3,GTSRBCNN,ResNet18,1,720,356,624,0.49444444444444446,0.8666666666666667,0.37222222222222223,ResNet18,0.06342419383573847,0.08792447513033676,6,1,381,897,0.03016627078384798,0.07102137767220902,7,4,stratified_track,f37d445eac4fe94ed5b346b8939aa361ab11f8f32b60cc5c06698bb858efaba8,0
GTSRB,42,noise,3,GTSRBCNN,ResNet18,2,750,631,384,0.8413333333333334,0.512,-0.32933333333333337,GTSRBCNN,0.11241760199536789,0.05410736931097647,2,6,4386,442,0.3472684085510689,0.034996041171813146,1,9,stratified_track,f37d445eac4fe94ed5b346b8939aa361ab11f8f32b60cc5c06698bb858efaba8,0
GTSRB,42,noise,3,GTSRBCNN,ResNet18,3,450,68,319,0.1511111111111111,0.7088888888888889,0.5577777777777778,ResNet18,0.012114733654017459,0.04494856981823306,21,8,286,1575,0.022644497228820268,0.12470308788598575,9,1,stratified_track,f37d445eac4fe94ed5b346b8939aa361ab11f8f32b60cc5c06698bb858efaba8,0
GTSRB,42,noise,3,GTSRBCNN,ResNet18,4,660,94,232,0.14242424242424243,0.3515151515151515,0.20909090909090908,ResNet18,0.016746837698200605,0.03268986895871495,16,13,150,327,0.011876484560570071,0.025890736342042756,18,14,stratified_track,f37d445eac4fe94ed5b346b8939aa361ab11f8f32b60cc5c06698bb858efaba8,0
GTSRB,42,noise,3,GTSRBCNN,ResNet18,5,630,42,267,0.06666666666666667,0.4238095238095238,0.35714285714285715,ResNet18,0.0074826296098343134,0.03762153022403832,29,10,79,823,0.006254948535233571,0.06516231195566112,26,5,stratified_track,f37d445eac4fe94ed5b346b8939aa361ab11f8f32b60cc5c06698bb858efaba8,0
GTSRB,42,noise,3,GTSRBCNN,ResNet18,6,150,0,36,0.0,0.24,0.24,ResNet18,0.0,0.0050725658729040436,41,34,0,65,0.0,0.005146476642913698,42,32,stratified_track,f37d445eac4fe94ed5b346b8939aa361ab11f8f32b60cc5c06698bb858efaba8,0
GTSRB,42,noise,3,GTSRBCNN,ResNet18,7,450,36,221,0.08,0.4911111111111111,0.4111111111111111,ResNet18,0.006413682522715126,0.031139918275327604,31,14,42,366,0.00332541567695962,0.028978622327790974,34,12,stratified_track,f37d445eac4fe94ed5b346b8939aa361ab11f8f32b60cc5c06698bb858efaba8,0
GTSRB,42,noise,3,GTSRBCNN,ResNet18,8,450,16,114,0.035555555555555556,0.25333333333333335,0.2177777777777778,ResNet18,0.002850525565651167,0.016063125264196138,36,20,23,209,0.0018210609659540776,0.016547901821060966,38,18,stratified_track,f37d445eac4fe94ed5b346b8939aa361ab11f8f32b60cc5c06698bb858efaba8,0
GTSRB,42,noise,3,GTSRBCNN,ResNet18,9,480,155,315,0.3229166666666667,0.65625,0.3333333333333333,ResNet18,0.02761446641724568,0.04438495138791038,10,9,177,378,0.014014251781472684,0.02992874109263658,14,11,stratified_track,f37d445eac4fe94ed5b346b8939aa361ab11f8f32b60cc5c06698bb858efaba8,0
GTSRB,42,noise,3,GTSRBCNN,ResNet18,10,660,60,130,0.09090909090909091,0.19696969696969696,0.10606060606060605,ResNet18,0.010689470871191877,0.018317598985486825,23,19,61,131,0.004829770387965162,0.010372129849564529,31,23,stratified_track,f37d445eac4fe94ed5b346b8939aa361ab11f8f32b60cc5c06698bb858efaba8,0
GTSRB,42,noise,3,GTSRBCNN,ResNet18,11,420,258,331,0.6142857142857143,0.7880952380952381,0.17380952380952375,ResNet18,0.04596472474612507,0.04663942510920107,7,7,289,332,0.022882026920031672,0.026286619160728424,8,13,stratified_track,f37d445eac4fe94ed5b346b8939aa361ab11f8f32b60cc5c06698bb858efaba8,0
GTSRB,42,noise,3,GTSRBCNN,ResNet18,12,690,515,448,0.7463768115942029,0.6492753623188405,-0.09710144927536235,GTSRBCNN,0.09175129164439694,0.06312526419613922,4,3,858,581,0.0679334916864608,0.046001583531274745,3,7,stratified_track,f37d445eac4fe94ed5b346b8939aa361ab11f8f32b60cc5c06698bb858efaba8,0
GTSRB,42,noise,3,GTSRBCNN,ResNet18,13,720,645,535,0.8958333333333334,0.7430555555555556,-0.1527777777777778,GTSRBCNN,0.11491181186531267,0.07538396505565732,1,2,1075,652,0.08511480601741885,0.051623119556611245,2,6,stratified_track,f37d445eac4fe94ed5b346b8939aa361ab11f8f32b60cc5c06698bb858efaba8,0
GTSRB,42,noise,3,GTSRBCNN,ResNet18,14,270,202,252,0.7481481481481481,0.9333333333333333,0.18518518518518523,ResNet18,0.035987885266345984,0.03550796111032831,9,12,241,1268,0.01908155186064925,0.10039588281868567,11,2,stratified_track,f37d445eac4fe94ed5b346b8939aa361ab11f8f32b60cc5c06698bb858efaba8,0
GTSRB,42,noise,3,GTSRBCNN,ResNet18,15,210,128,84,0.6095238095238096,0.4,-0.20952380952380956,GTSRBCNN,0.022804204525209336,0.011835987036776102,13,25,131,85,0.010372129849564529,0.006730007917656373,21,27,stratified_track,f37d445eac4fe94ed5b346b8939aa361ab11f8f32b60cc5c06698bb858efaba8,0
GTSRB,42,noise,3,GTSRBCNN,ResNet18,16,150,77,81,0.5133333333333333,0.54,0.026666666666666727,ResNet18,0.01371815428469624,0.0114132732140341,18,26,80,82,0.006334125098970704,0.0064924782264449725,25,28,stratified_track,f37d445eac4fe94ed5b346b8939aa361ab11f8f32b60cc5c06698bb858efaba8,0
GTSRB,42,noise,3,GTSRBCNN,ResNet18,17,360,207,262,0.575,0.7277777777777777,0.1527777777777778,ResNet18,0.03687867450561197,0.036917007186134984,8,11,207,292,0.0163895486935867,0.023119556611243073,13,16,stratified_track,f37d445eac4fe94ed5b346b8939aa361ab11f8f32b60cc5c06698bb858efaba8,0
GTSRB,42,noise,3,GTSRBCNN,ResNet18,18,390,140,181,0.358974358974359,0.4641025641025641,0.10512820512820514,ResNet18,0.02494209869944771,0.025503733972100887,11,15,154,249,0.012193190815518607,0.019714964370546317,16,17,stratified_track,f37d445eac4fe94ed5b346b8939aa361ab11f8f32b60cc5c06698bb858efaba8,0
GTSRB,42,noise,3,GTSRBCNN,ResNet18,19,60,24,29,0.4,0.48333333333333334,0.08333333333333331,ResNet18,0.00427578834847675,0.004086233619839369,33,35,158,48,0.012509897070467142,0.003800475059382423,15,38,stratified_track,f37d445eac4fe94ed5b346b8939aa361ab11f8f32b60cc5c06698bb858efaba8,0
GTSRB,42,noise,3,GTSRBCNN,ResNet18,20,90,54,51,0.6,0.5666666666666667,-0.033333333333333326,GTSRBCNN,0.009620523784072688,0.007186134986614062,26,31,154,54,0.012193190815518607,0.004275534441805225,17,37,stratified_track,f37d445eac4fe94ed5b346b8939aa361ab11f8f32b60cc5c06698bb858efaba8,0
GTSRB,42,noise,3,GTSRBCNN,ResNet18,21,90,21,58,0.23333333333333334,0.6444444444444445,0.41111111111111115,ResNet18,0.0037413148049171567,0.008172467239678738,34,30,24,58,0.0019002375296912114,0.004592240696753761,37,36,stratified_track,f37d445eac4fe94ed5b346b8939aa361ab11f8f32b60cc5c06698bb858efaba8,0
GTSRB,42,noise,3,GTSRBCNN,ResNet18,22,120,70,63,0.5833333333333334,0.525,-0.05833333333333335,GTSRBCNN,0.012471049349723855,0.008876990277582077,20,28,102,67,0.008076009501187649,0.005304829770387965,23,31,stratified_track,f37d445eac4fe94ed5b346b8939aa361ab11f8f32b60cc5c06698bb858efaba8,0
GTSRB,42,noise,3,GTSRBCNN,ResNet18,23,150,50,91,0.3333333333333333,0.6066666666666667,0.2733333333333334,ResNet18,0.008907892392659897,0.012822319289840779,28,24,77,186,0.0060965954077593035,0.014726840855106888,27,20,stratified_track,f37d445eac4fe94ed5b346b8939aa361ab11f8f32b60cc5c06698bb858efaba8,0
GTSRB,42,noise,3,GTSRBCNN,ResNet18,24,90,7,13,0.07777777777777778,0.14444444444444443,0.06666666666666665,ResNet18,0.0012471049349723855,0.0018317598985486826,39,43,36,38,0.0028503562945368173,0.0030087094220110845,35,39,stratified_track,f37d445eac4fe94ed5b346b8939aa361ab11f8f32b60cc5c06698bb858efaba8,0
GTSRB,42,noise,3,GTSRBCNN,ResNet18,25,480,358,401,0.7458333333333333,0.8354166666666667,0.08958333333333335,ResNet18,0.06378050953144486,0.05650274763984782,5,5,704,453,0.0557403008709422,0.035866983372921615,5,8,stratified_track,f37d445eac4fe94ed5b346b8939aa361ab11f8f32b60cc5c06698bb858efaba8,0
GTSRB,42,noise,3,GTSRBCNN,ResNet18,26,180,63,139,0.35,0.7722222222222223,0.4222222222222223,ResNet18,0.01122394441475147,0.019585740453712835,22,18,74,311,0.005859065716547902,0.024623911322248615,29,15,stratified_track,f37d445eac4fe94ed5b346b8939aa361ab11f8f32b60cc5c06698bb858efaba8,0
GTSRB,42,noise,3,GTSRBCNN,ResNet18,27,60,0,27,0.0,0.45,0.45,ResNet18,0.0,0.003804424404678033,42,37,0,61,0.0,0.004829770387965162,43,34,stratified_track,f37d445eac4fe94ed5b346b8939aa361ab11f8f32b60cc5c06698bb858efaba8,0
GTSRB,42,noise,3,GTSRBCNN,ResNet18,28,150,51,114,0.34,0.76,0.42,ResNet18,0.009086050240513094,0.016063125264196138,27,21,77,206,0.0060965954077593035,0.016310372129849565,28,19,stratified_track,f37d445eac4fe94ed5b346b8939aa361ab11f8f32b60cc5c06698bb858efaba8,0
GTSRB,42,noise,3,GTSRBCNN,ResNet18,29,90,39,79,0.43333333333333335,0.8777777777777778,0.4444444444444444,ResNet18,0.00694815606627472,0.011131463998872763,30,27,46,953,0.003642121931908155,0.07545526524148852,33,3,stratified_track,f37d445eac4fe94ed5b346b8939aa361ab11f8f32b60cc5c06698bb858efaba8,0
GTSRB,42,noise,3,GTSRBCNN,ResNet18,30,150,0,15,0.0,0.1,0.1,ResNet18,0.0,0.0021135691137100184,43,39,13,100,0.0010292953285827395,0.00791765637371338,40,24,stratified_track,f37d445eac4fe94ed5b346b8939aa361ab11f8f32b60cc5c06698bb858efaba8,0
GTSRB,42,noise,3,GTSRBCNN,ResNet18,31,270,74,15,0.2740740740740741,0.05555555555555555,-0.21851851851851853,GTSRBCNN,0.013183680741136647,0.0021135691137100184,19,40,210,16,0.0166270783847981,0.001266825019794141,12,42,stratified_track,f37d445eac4fe94ed5b346b8939aa361ab11f8f32b60cc5c06698bb858efaba8,0
GTSRB,42,noise,3,GTSRBCNN,ResNet18,32,60,8,15,0.13333333333333333,0.25,0.11666666666666667,ResNet18,0.0014252627828255835,0.0021135691137100184,37,41,544,64,0.043072050673000795,0.005067300079176564,6,33,stratified_track,f37d445eac4fe94ed5b346b8939aa361ab11f8f32b60cc5c06698bb858efaba8,0
GTSRB,42,noise,3,GTSRBCNN,ResNet18,33,210,117,161,0.5571428571428572,0.7666666666666667,0.20952380952380956,ResNet18,0.02084446819882416,0.02268564182048753,14,17,117,165,0.009263657957244655,0.013064133016627079,22,22,stratified_track,f37d445eac4fe94ed5b346b8939aa361ab11f8f32b60cc5c06698bb858efaba8,0
GTSRB,42,noise,3,GTSRBCNN,ResNet18,34,120,90,99,0.75,0.825,0.07499999999999996,ResNet18,0.016034206306787813,0.01394955615048612,17,22,90,100,0.007125890736342043,0.00791765637371338,24,25,stratified_track,f37d445eac4fe94ed5b346b8939aa361ab11f8f32b60cc5c06698bb858efaba8,0
GTSRB,42,noise,3,GTSRBCNN,ResNet18,35,390,134,174,0.3435897435897436,0.4461538461538462,0.10256410256410259,ResNet18,0.023873151612328523,0.024517401719036214,12,16,144,183,0.01140142517814727,0.014489311163895487,19,21,stratified_track,f37d445eac4fe94ed5b346b8939aa361ab11f8f32b60cc5c06698bb858efaba8,0
GTSRB,42,noise,3,GTSRBCNN,ResNet18,36,120,115,95,0.9583333333333334,0.7916666666666666,-0.16666666666666674,GTSRBCNN,0.020488152503117762,0.013385937720163449,15,23,278,95,0.0220110847189232,0.007521773555027712,10,26,stratified_track,f37d445eac4fe94ed5b346b8939aa361ab11f8f32b60cc5c06698bb858efaba8,0
GTSRB,42,noise,3,GTSRBCNN,ResNet18,37,60,18,24,0.3,0.4,0.10000000000000003,ResNet18,0.003206841261357563,0.0033817105819360293,35,38,18,27,0.0014251781472684087,0.0021377672209026127,39,41,stratified_track,f37d445eac4fe94ed5b346b8939aa361ab11f8f32b60cc5c06698bb858efaba8,0
GTSRB,42,noise,3,GTSRBCNN,ResNet18,38,690,537,425,0.7782608695652173,0.6159420289855072,-0.16231884057971013,GTSRBCNN,0.0956707642971673,0.05988445822178385,3,4,846,427,0.0669833729216152,0.033808392715756135,4,10,stratified_track,f37d445eac4fe94ed5b346b8939aa361ab11f8f32b60cc5c06698bb858efaba8,0
GTSRB,42,noise,3,GTSRBCNN,ResNet18,39,90,60,60,0.6666666666666666,0.6666666666666666,0.0,tie,0.010689470871191877,0.008454276454840074,24,29,69,61,0.005463182897862233,0.004829770387965162,30,35,stratified_track,f37d445eac4fe94ed5b346b8939aa361ab11f8f32b60cc5c06698bb858efaba8,0
GTSRB,42,noise,3,GTSRBCNN,ResNet18,40,90,57,50,0.6333333333333333,0.5555555555555556,-0.07777777777777772,GTSRBCNN,0.010154997327632281,0.0070452303790333945,25,32,143,75,0.011322248614410134,0.0059382422802850355,20,30,stratified_track,f37d445eac4fe94ed5b346b8939aa361ab11f8f32b60cc5c06698bb858efaba8,0
GTSRB,42,noise,3,GTSRBCNN,ResNet18,41,60,3,40,0.05,0.6666666666666666,0.6166666666666666,ResNet18,0.0005344735435595938,0.005636184303226715,40,33,5,76,0.000395882818685669,0.006017418844022169,41,29,stratified_track,f37d445eac4fe94ed5b346b8939aa361ab11f8f32b60cc5c06698bb858efaba8,0
GTSRB,42,noise,3,GTSRBCNN,ResNet18,42,90,8,15,0.08888888888888889,0.16666666666666666,0.07777777777777777,ResNet18,0.0014252627828255835,0.0021135691137100184,38,42,25,15,0.001979414093428345,0.0011876484560570072,36,43,stratified_track,f37d445eac4fe94ed5b346b8939aa361ab11f8f32b60cc5c06698bb858efaba8,0
GTSRB,42,noise,4,GTSRBCNN,ResNet18,0,60,18,24,0.3,0.4,0.10000000000000003,ResNet18,0.003969128996692392,0.0046430644225188625,31,34,45,33,0.0035629453681710215,0.0026128266033254156,29,36,stratified_track,f37d445eac4fe94ed5b346b8939aa361ab11f8f32b60cc5c06698bb858efaba8,0
GTSRB,42,noise,4,GTSRBCNN,ResNet18,1,720,237,478,0.32916666666666666,0.6638888888888889,0.3347222222222222,ResNet18,0.05226019845644984,0.09247436641516735,6,1,252,674,0.019952494061757718,0.053365003958828185,9,5,stratified_track,f37d445eac4fe94ed5b346b8939aa361ab11f8f32b60cc5c06698bb858efaba8,0
GTSRB,42,noise,4,GTSRBCNN,ResNet18,2,750,599,261,0.7986666666666666,0.348,-0.45066666666666666,GTSRBCNN,0.1320837927232635,0.05049332559489263,1,6,4373,298,0.34623911322248613,0.023594615993665875,1,10,stratified_track,f37d445eac4fe94ed5b346b8939aa361ab11f8f32b60cc5c06698bb858efaba8,0
GTSRB,42,noise,4,GTSRBCNN,ResNet18,3,450,34,195,0.07555555555555556,0.43333333333333335,0.3577777777777778,ResNet18,0.007497243660418963,0.03772489843296576,26,12,133,860,0.010530482977038796,0.06809184481393507,15,3,stratified_track,f37d445eac4fe94ed5b346b8939aa361ab11f8f32b60cc5c06698bb858efaba8,0
GTSRB,42,noise,4,GTSRBCNN,ResNet18,4,660,48,148,0.07272727272727272,0.22424242424242424,0.15151515151515152,ResNet18,0.010584343991179712,0.028632230605532986,21,13,85,212,0.006730007917656373,0.016785431512272367,23,15,stratified_track,f37d445eac4fe94ed5b346b8939aa361ab11f8f32b60cc5c06698bb858efaba8,0
GTSRB,42,noise,4,GTSRBCNN,ResNet18,5,630,12,196,0.01904761904761905,0.3111111111111111,0.2920634920634921,ResNet18,0.002646085997794928,0.03791835945057071,32,11,25,785,0.001979414093428345,0.062153602533650036,33,4,stratified_track,f37d445eac4fe94ed5b346b8939aa361ab11f8f32b60cc5c06698bb858efaba8,0
GTSRB,42,noise,4,GTSRBCNN,ResNet18,6,150,0,19,0.0,0.12666666666666668,0.12666666666666668,ResNet18,0.0,0.0036757593344940993,41,36,0,26,0.0,0.002058590657165479,42,38,stratified_track,f37d445eac4fe94ed5b346b8939aa361ab11f8f32b60cc5c06698bb858efaba8,0
GTSRB,42,noise,4,GTSRBCNN,ResNet18,7,450,11,103,0.024444444444444446,0.2288888888888889,0.20444444444444446,ResNet18,0.0024255788313120178,0.01992648481331012,33,17,23,167,0.0018210609659540776,0.013222486144101346,34,18,stratified_track,f37d445eac4fe94ed5b346b8939aa361ab11f8f32b60cc5c06698bb858efaba8,0
GTSRB,42,noise,4,GTSRBCNN,ResNet18,8,450,8,45,0.017777777777777778,0.1,0.08222222222222222,ResNet18,0.0017640573318632856,0.008705745792222866,35,29,13,102,0.0010292953285827395,0.008076009501187649,37,23,stratified_track,f37d445eac4fe94ed5b346b8939aa361ab11f8f32b60cc5c06698bb858efaba8,0
GTSRB,42,noise,4,GTSRBCNN,ResNet18,9,480,96,208,0.2,0.43333333333333335,0.23333333333333334,ResNet18,0.021168687982359425,0.04023989166183014,12,10,103,226,0.008155186064924783,0.01789390340459224,18,13,stratified_track,f37d445eac4fe94ed5b346b8939aa361ab11f8f32b60cc5c06698bb858efaba8,0
GTSRB,42,noise,4,GTSRBCNN,ResNet18,10,660,27,72,0.04090909090909091,0.10909090909090909,0.06818181818181818,ResNet18,0.005953693495038589,0.013929193267556587,27,23,27,74,0.0021377672209026127,0.005859065716547902,31,25,stratified_track,f37d445eac4fe94ed5b346b8939aa361ab11f8f32b60cc5c06698bb858efaba8,0
GTSRB,42,noise,4,GTSRBCNN,ResNet18,11,420,192,246,0.45714285714285713,0.5857142857142857,0.12857142857142861,ResNet18,0.04233737596471885,0.04759141033081834,7,7,215,249,0.017022961203483768,0.019714964370546317,10,11,stratified_track,f37d445eac4fe94ed5b346b8939aa361ab11f8f32b60cc5c06698bb858efaba8,0
GTSRB,42,noise,4,GTSRBCNN,ResNet18,12,690,519,330,0.7521739130434782,0.4782608695652174,-0.27391304347826084,GTSRBCNN,0.11444321940463065,0.06384213580963435,3,4,1310,370,0.10372129849564529,0.02929532858273951,3,8,stratified_track,f37d445eac4fe94ed5b346b8939aa361ab11f8f32b60cc5c06698bb858efaba8,0
GTSRB,42,noise,4,GTSRBCNN,ResNet18,13,720,586,351,0.8138888888888889,0.4875,-0.3263888888888889,GTSRBCNN,0.12921719955898567,0.06790481717933837,2,3,1431,407,0.11330166270783848,0.03222486144101346,2,6,stratified_track,f37d445eac4fe94ed5b346b8939aa361ab11f8f32b60cc5c06698bb858efaba8,0
GTSRB,42,noise,4,GTSRBCNN,ResNet18,14,270,158,243,0.5851851851851851,0.9,0.3148148148148149,ResNet18,0.03484013230429989,0.047011027278003485,8,8,205,2400,0.01623119556611243,0.19002375296912113,11,2,stratified_track,f37d445eac4fe94ed5b346b8939aa361ab11f8f32b60cc5c06698bb858efaba8,0
GTSRB,42,noise,4,GTSRBCNN,ResNet18,15,210,82,38,0.3904761904761905,0.18095238095238095,-0.20952380952380953,GTSRBCNN,0.018081587651598677,0.007351518668988199,15,30,87,41,0.006888361045130641,0.0032462391132224862,22,33,stratified_track,f37d445eac4fe94ed5b346b8939aa361ab11f8f32b60cc5c06698bb858efaba8,0
GTSRB,42,noise,4,GTSRBCNN,ResNet18,16,150,50,63,0.3333333333333333,0.42,0.08666666666666667,ResNet18,0.011025358324145534,0.012188044109112013,20,24,51,63,0.0040380047505938245,0.0049881235154394295,26,26,stratified_track,f37d445eac4fe94ed5b346b8939aa361ab11f8f32b60cc5c06698bb858efaba8,0
GTSRB,42,noise,4,GTSRBCNN,ResNet18,17,360,143,225,0.3972222222222222,0.625,0.2277777777777778,ResNet18,0.03153252480705623,0.04352872896111434,9,9,143,244,0.011322248614410134,0.01931908155186065,13,12,stratified_track,f37d445eac4fe94ed5b346b8939aa361ab11f8f32b60cc5c06698bb858efaba8,0
GTSRB,42,noise,4,GTSRBCNN,ResNet18,18,390,99,139,0.25384615384615383,0.3564102564102564,0.10256410256410259,ResNet18,0.02183020948180816,0.026891081447088412,11,14,111,206,0.008788598574821853,0.016310372129849565,17,16,stratified_track,f37d445eac4fe94ed5b346b8939aa361ab11f8f32b60cc5c06698bb858efaba8,0
GTSRB,42,noise,4,GTSRBCNN,ResNet18,19,60,21,28,0.35,0.4666666666666667,0.1166666666666667,ResNet18,0.004630650496141125,0.005416908492938673,30,33,197,46,0.015597783056215361,0.003642121931908155,12,32,stratified_track,f37d445eac4fe94ed5b346b8939aa361ab11f8f32b60cc5c06698bb858efaba8,0
GTSRB,42,noise,4,GTSRBCNN,ResNet18,20,90,37,31,0.4111111111111111,0.34444444444444444,-0.06666666666666665,GTSRBCNN,0.008158765159867696,0.005997291545753531,23,32,135,32,0.010688836104513063,0.002533650039588282,14,37,stratified_track,f37d445eac4fe94ed5b346b8939aa361ab11f8f32b60cc5c06698bb858efaba8,0
GTSRB,42,noise,4,GTSRBCNN,ResNet18,21,90,3,48,0.03333333333333333,0.5333333333333333,0.5,ResNet18,0.000661521499448732,0.009286128845037725,40,27,5,48,0.000395882818685669,0.003800475059382423,39,29,stratified_track,f37d445eac4fe94ed5b346b8939aa361ab11f8f32b60cc5c06698bb858efaba8,0
GTSRB,42,noise,4,GTSRBCNN,ResNet18,22,120,55,47,0.4583333333333333,0.39166666666666666,-0.06666666666666665,GTSRBCNN,0.012127894156560088,0.009092667827432772,19,28,92,47,0.00728424386381631,0.003721298495645289,20,31,stratified_track,f37d445eac4fe94ed5b346b8939aa361ab11f8f32b60cc5c06698bb858efaba8,0
GTSRB,42,noise,4,GTSRBCNN,ResNet18,23,150,35,76,0.23333333333333334,0.5066666666666667,0.2733333333333334,ResNet18,0.007717750826901874,0.014703037337976397,25,22,50,146,0.00395882818685669,0.011559778305621536,27,20,stratified_track,f37d445eac4fe94ed5b346b8939aa361ab11f8f32b60cc5c06698bb858efaba8,0
GTSRB,42,noise,4,GTSRBCNN,ResNet18,24,90,4,5,0.044444444444444446,0.05555555555555555,0.011111111111111106,ResNet18,0.0008820286659316428,0.000967305088024763,39,42,17,25,0.0013460015835312748,0.001979414093428345,35,39,stratified_track,f37d445eac4fe94ed5b346b8939aa361ab11f8f32b60cc5c06698bb858efaba8,0
GTSRB,42,noise,4,GTSRBCNN,ResNet18,25,480,330,366,0.6875,0.7625,0.07499999999999996,ResNet18,0.07276736493936053,0.07080673244341265,5,2,719,399,0.05692794932699921,0.031591448931116387,5,7,stratified_track,f37d445eac4fe94ed5b346b8939aa361ab11f8f32b60cc5c06698bb858efaba8,0
GTSRB,42,noise,4,GTSRBCNN,ResNet18,26,180,37,101,0.20555555555555555,0.5611111111111111,0.35555555555555557,ResNet18,0.008158765159867696,0.019539562778100213,24,18,42,224,0.00332541567695962,0.017735550277117974,30,14,stratified_track,f37d445eac4fe94ed5b346b8939aa361ab11f8f32b60cc5c06698bb858efaba8,0
GTSRB,42,noise,4,GTSRBCNN,ResNet18,27,60,0,16,0.0,0.26666666666666666,0.26666666666666666,ResNet18,0.0,0.0030953762816792415,42,38,0,41,0.0,0.0032462391132224862,43,34,stratified_track,f37d445eac4fe94ed5b346b8939aa361ab11f8f32b60cc5c06698bb858efaba8,0
GTSRB,42,noise,4,GTSRBCNN,ResNet18,28,150,26,95,0.17333333333333334,0.6333333333333333,0.45999999999999996,ResNet18,0.005733186328555678,0.0183787966724705,28,19,49,180,0.0038796516231195564,0.014251781472684086,28,17,stratified_track,f37d445eac4fe94ed5b346b8939aa361ab11f8f32b60cc5c06698bb858efaba8,0
GTSRB,42,noise,4,GTSRBCNN,ResNet18,29,90,24,80,0.26666666666666666,0.8888888888888888,0.6222222222222222,ResNet18,0.005292171995589856,0.015476881408396209,29,21,27,2910,0.0021377672209026127,0.23040380047505937,32,1,stratified_track,f37d445eac4fe94ed5b346b8939aa361ab11f8f32b60cc5c06698bb858efaba8,0
GTSRB,42,noise,4,GTSRBCNN,ResNet18,30,150,0,17,0.0,0.11333333333333333,0.11333333333333333,ResNet18,0.0,0.0032888372992841944,43,37,5,162,0.000395882818685669,0.012826603325415678,40,19,stratified_track,f37d445eac4fe94ed5b346b8939aa361ab11f8f32b60cc5c06698bb858efaba8,0
GTSRB,42,noise,4,GTSRBCNN,ResNet18,31,270,63,1,0.23333333333333334,0.003703703703703704,-0.22962962962962963,GTSRBCNN,0.013891951488423374,0.0001934610176049526,17,43,334,3,0.02644497228820269,0.00023752969121140142,8,43,stratified_track,f37d445eac4fe94ed5b346b8939aa361ab11f8f32b60cc5c06698bb858efaba8,0
GTSRB,42,noise,4,GTSRBCNN,ResNet18,32,60,6,9,0.1,0.15,0.04999999999999999,ResNet18,0.001323042998897464,0.0017411491584445734,36,40,633,22,0.0501187648456057,0.0017418844022169437,6,40,stratified_track,f37d445eac4fe94ed5b346b8939aa361ab11f8f32b60cc5c06698bb858efaba8,0
GTSRB,42,noise,4,GTSRBCNN,ResNet18,33,210,70,126,0.3333333333333333,0.6,0.26666666666666666,ResNet18,0.015435501653803748,0.024376088218224026,16,16,70,127,0.0055423594615993665,0.010055423594615994,24,22,stratified_track,f37d445eac4fe94ed5b346b8939aa361ab11f8f32b60cc5c06698bb858efaba8,0
GTSRB,42,noise,4,GTSRBCNN,ResNet18,34,120,90,91,0.75,0.7583333333333333,0.008333333333333304,ResNet18,0.019845644983461964,0.017604952602050687,13,20,90,93,0.007125890736342043,0.007363420427553444,21,24,stratified_track,f37d445eac4fe94ed5b346b8939aa361ab11f8f32b60cc5c06698bb858efaba8,0
GTSRB,42,noise,4,GTSRBCNN,ResNet18,35,390,88,139,0.22564102564102564,0.3564102564102564,0.13076923076923078,ResNet18,0.019404630650496142,0.026891081447088412,14,15,94,146,0.007442596991290578,0.011559778305621536,19,21,stratified_track,f37d445eac4fe94ed5b346b8939aa361ab11f8f32b60cc5c06698bb858efaba8,0
GTSRB,42,noise,4,GTSRBCNN,ResNet18,36,120,110,53,0.9166666666666666,0.44166666666666665,-0.475,GTSRBCNN,0.024255788313120176,0.010253433933062488,10,26,485,54,0.0384006334125099,0.004275534441805225,7,28,stratified_track,f37d445eac4fe94ed5b346b8939aa361ab11f8f32b60cc5c06698bb858efaba8,0
GTSRB,42,noise,4,GTSRBCNN,ResNet18,37,60,10,13,0.16666666666666666,0.21666666666666667,0.05000000000000002,ResNet18,0.002205071664829107,0.0025149932288643837,34,39,10,14,0.000791765637371338,0.0011084718923198734,38,41,stratified_track,f37d445eac4fe94ed5b346b8939aa361ab11f8f32b60cc5c06698bb858efaba8,0
GTSRB,42,noise,4,GTSRBCNN,ResNet18,38,690,493,319,0.7144927536231884,0.4623188405797101,-0.2521739130434783,GTSRBCNN,0.10871003307607498,0.06171406461597988,4,5,747,320,0.05914489311163895,0.025336500395882817,4,9,stratified_track,f37d445eac4fe94ed5b346b8939aa361ab11f8f32b60cc5c06698bb858efaba8,0
GTSRB,42,noise,4,GTSRBCNN,ResNet18,39,90,57,60,0.6333333333333333,0.6666666666666666,0.033333333333333326,ResNet18,0.01256890848952591,0.011607661056297156,18,25,58,60,0.004592240696753761,0.004750593824228029,25,27,stratified_track,f37d445eac4fe94ed5b346b8939aa361ab11f8f32b60cc5c06698bb858efaba8,0
GTSRB,42,noise,4,GTSRBCNN,ResNet18,40,90,47,36,0.5222222222222223,0.4,-0.12222222222222223,GTSRBCNN,0.010363836824696803,0.006964596633778294,22,31,119,40,0.009422011084718924,0.003167062549485352,16,35,stratified_track,f37d445eac4fe94ed5b346b8939aa361ab11f8f32b60cc5c06698bb858efaba8,0
GTSRB,42,noise,4,GTSRBCNN,ResNet18,41,60,5,22,0.08333333333333333,0.36666666666666664,0.2833333333333333,ResNet18,0.0011025358324145535,0.0042561423873089576,37,35,5,48,0.000395882818685669,0.003800475059382423,41,30,stratified_track,f37d445eac4fe94ed5b346b8939aa361ab11f8f32b60cc5c06698bb858efaba8,0
GTSRB,42,noise,4,GTSRBCNN,ResNet18,42,90,5,6,0.05555555555555555,0.06666666666666667,0.011111111111111113,ResNet18,0.0011025358324145535,0.0011607661056297156,38,41,15,6,0.0011876484560570072,0.00047505938242280285,36,42,stratified_track,f37d445eac4fe94ed5b346b8939aa361ab11f8f32b60cc5c06698bb858efaba8,0
GTSRB,42,noise,5,GTSRBCNN,ResNet18,0,60,10,20,0.16666666666666666,0.3333333333333333,0.16666666666666666,ResNet18,0.002794857462269424,0.005652911249293386,30,30,30,32,0.0023752969121140144,0.002533650039588282,28,29,stratified_track,f37d445eac4fe94ed5b346b8939aa361ab11f8f32b60cc5c06698bb858efaba8,0
GTSRB,42,noise,5,GTSRBCNN,ResNet18,1,720,159,339,0.22083333333333333,0.4708333333333333,0.25,ResNet18,0.04443823365008385,0.0958168456755229,6,1,164,458,0.012984956452889945,0.03626286619160728,10,4,stratified_track,f37d445eac4fe94ed5b346b8939aa361ab11f8f32b60cc5c06698bb858efaba8,0
GTSRB,42,noise,5,GTSRBCNN,ResNet18,2,750,536,171,0.7146666666666667,0.228,-0.4866666666666667,GTSRBCNN,0.14980435997764113,0.04833239118145845,2,7,3736,186,0.2958036421219319,0.014726840855106888,1,10,stratified_track,f37d445eac4fe94ed5b346b8939aa361ab11f8f32b60cc5c06698bb858efaba8,0
GTSRB,42,noise,5,GTSRBCNN,ResNet18,3,450,19,90,0.042222222222222223,0.2,0.1577777777777778,ResNet18,0.005310229178311906,0.025438100621820236,23,15,69,341,0.005463182897862233,0.02699920823436263,19,5,stratified_track,f37d445eac4fe94ed5b346b8939aa361ab11f8f32b60cc5c06698bb858efaba8,0
GTSRB,42,noise,5,GTSRBCNN,ResNet18,4,660,30,102,0.045454545454545456,0.15454545454545454,0.10909090909090909,ResNet18,0.008384572386808273,0.02882984737139627,21,13,56,137,0.004433887569279493,0.010847189231987332,22,17,stratified_track,f37d445eac4fe94ed5b346b8939aa361ab11f8f32b60cc5c06698bb858efaba8,0
GTSRB,42,noise,5,GTSRBCNN,ResNet18,5,630,6,109,0.009523809523809525,0.173015873015873,0.1634920634920635,ResNet18,0.0016769144773616546,0.030808366308648954,31,11,11,470,0.0008709422011084719,0.03721298495645289,32,3,stratified_track,f37d445eac4fe94ed5b346b8939aa361ab11f8f32b60cc5c06698bb858efaba8,0
GTSRB,42,noise,5,GTSRBCNN,ResNet18,6,150,0,2,0.0,0.013333333333333334,0.013333333333333334,ResNet18,0.0,0.0005652911249293386,40,39,0,4,0.0,0.00031670625494853525,40,40,stratified_track,f37d445eac4fe94ed5b346b8939aa361ab11f8f32b60cc5c06698bb858efaba8,0
GTSRB,42,noise,5,GTSRBCNN,ResNet18,7,450,1,49,0.0022222222222222222,0.10888888888888888,0.10666666666666666,ResNet18,0.00027948574622694243,0.013849632560768797,36,23,5,73,0.000395882818685669,0.005779889152810768,36,23,stratified_track,f37d445eac4fe94ed5b346b8939aa361ab11f8f32b60cc5c06698bb858efaba8,0
GTSRB,42,noise,5,GTSRBCNN,ResNet18,8,450,0,14,0.0,0.03111111111111111,0.03111111111111111,ResNet18,0.0,0.00395703787450537,41,33,0,48,0.0,0.003800475059382423,41,25,stratified_track,f37d445eac4fe94ed5b346b8939aa361ab11f8f32b60cc5c06698bb858efaba8,0
GTSRB,42,noise,5,GTSRBCNN,ResNet18,9,480,72,107,0.15,0.22291666666666668,0.07291666666666669,ResNet18,0.020122973728339856,0.030243075183719617,12,12,78,119,0.006175771971496437,0.009422011084718924,17,19,stratified_track,f37d445eac4fe94ed5b346b8939aa361ab11f8f32b60cc5c06698bb858efaba8,0
GTSRB,42,noise,5,GTSRBCNN,ResNet18,10,660,11,27,0.016666666666666666,0.04090909090909091,0.024242424242424242,ResNet18,0.0030743432084963667,0.007631430186546071,27,26,11,27,0.0008709422011084719,0.0021377672209026127,33,31,stratified_track,f37d445eac4fe94ed5b346b8939aa361ab11f8f32b60cc5c06698bb858efaba8,0
GTSRB,42,noise,5,GTSRBCNN,ResNet18,11,420,135,170,0.32142857142857145,0.40476190476190477,0.08333333333333331,ResNet18,0.03773057574063723,0.048049745618993785,7,8,146,179,0.011559778305621536,0.014172604908946953,11,11,stratified_track,f37d445eac4fe94ed5b346b8939aa361ab11f8f32b60cc5c06698bb858efaba8,0
GTSRB,42,noise,5,GTSRBCNN,ResNet18,12,690,540,257,0.782608695652174,0.372463768115942,-0.41014492753623194,GTSRBCNN,0.1509223029625489,0.07263990955342,1,3,2043,266,0.16175771971496436,0.021060965954077592,2,7,stratified_track,f37d445eac4fe94ed5b346b8939aa361ab11f8f32b60cc5c06698bb858efaba8,0
GTSRB,42,noise,5,GTSRBCNN,ResNet18,13,720,516,240,0.7166666666666667,0.3333333333333333,-0.38333333333333336,GTSRBCNN,0.1442146450531023,0.06783493499152063,3,4,1937,262,0.15336500395882818,0.020744259699129058,3,8,stratified_track,f37d445eac4fe94ed5b346b8939aa361ab11f8f32b60cc5c06698bb858efaba8,0
GTSRB,42,noise,5,GTSRBCNN,ResNet18,14,270,92,234,0.34074074074074073,0.8666666666666667,0.5259259259259259,ResNet18,0.025712688652878703,0.06613906161673262,9,5,146,3136,0.011559778305621536,0.2482977038796516,12,2,stratified_track,f37d445eac4fe94ed5b346b8939aa361ab11f8f32b60cc5c06698bb858efaba8,0
GTSRB,42,noise,5,GTSRBCNN,ResNet18,15,210,55,5,0.2619047619047619,0.023809523809523808,-0.2380952380952381,GTSRBCNN,0.015371716042481833,0.0014132278123233466,14,36,58,5,0.004592240696753761,0.000395882818685669,21,39,stratified_track,f37d445eac4fe94ed5b346b8939aa361ab11f8f32b60cc5c06698bb858efaba8,0
GTSRB,42,noise,5,GTSRBCNN,ResNet18,16,150,33,39,0.22,0.26,0.04000000000000001,ResNet18,0.0092230296254891,0.011023176936122103,18,24,33,39,0.0026128266033254156,0.0030878859857482186,26,26,stratified_track,f37d445eac4fe94ed5b346b8939aa361ab11f8f32b60cc5c06698bb858efaba8,0
GTSRB,42,noise,5,GTSRBCNN,ResNet18,17,360,92,167,0.25555555555555554,0.4638888888888889,0.20833333333333337,ResNet18,0.025712688652878703,0.047201808931599774,10,9,92,178,0.00728424386381631,0.014093428345209817,15,12,stratified_track,f37d445eac4fe94ed5b346b8939aa361ab11f8f32b60cc5c06698bb858efaba8,0
GTSRB,42,noise,5,GTSRBCNN,ResNet18,18,390,62,99,0.15897435897435896,0.25384615384615383,0.09487179487179487,ResNet18,0.01732811626607043,0.02798191068400226,13,14,70,158,0.0055423594615993665,0.012509897070467142,18,15,stratified_track,f37d445eac4fe94ed5b346b8939aa361ab11f8f32b60cc5c06698bb858efaba8,0
GTSRB,42,noise,5,GTSRBCNN,ResNet18,19,60,16,21,0.26666666666666666,0.35,0.08333333333333331,ResNet18,0.004471771939631079,0.0059355568117580556,26,29,187,30,0.014806017418844021,0.0023752969121140144,9,30,stratified_track,f37d445eac4fe94ed5b346b8939aa361ab11f8f32b60cc5c06698bb858efaba8,0
GTSRB,42,noise,5,GTSRBCNN,ResNet18,20,90,17,12,0.18888888888888888,0.13333333333333333,-0.05555555555555555,GTSRBCNN,0.0047512576858580215,0.0033917467495760316,25,34,122,13,0.009659540775930325,0.0010292953285827395,13,37,stratified_track,f37d445eac4fe94ed5b346b8939aa361ab11f8f32b60cc5c06698bb858efaba8,0
GTSRB,42,noise,5,GTSRBCNN,ResNet18,21,90,1,32,0.011111111111111112,0.35555555555555557,0.34444444444444444,ResNet18,0.00027948574622694243,0.009044657998869417,37,25,1,33,7.917656373713381e-05,0.0026128266033254156,38,28,stratified_track,f37d445eac4fe94ed5b346b8939aa361ab11f8f32b60cc5c06698bb858efaba8,0
GTSRB,42,noise,5,GTSRBCNN,ResNet18,22,120,31,27,0.25833333333333336,0.225,-0.033333333333333354,GTSRBCNN,0.008664058133035215,0.007631430186546071,20,27,62,27,0.004908946951702296,0.0021377672209026127,20,32,stratified_track,f37d445eac4fe94ed5b346b8939aa361ab11f8f32b60cc5c06698bb858efaba8,0
GTSRB,42,noise,5,GTSRBCNN,ResNet18,23,150,19,57,0.12666666666666668,0.38,0.2533333333333333,ResNet18,0.005310229178311906,0.01611079706048615,24,21,40,114,0.003167062549485352,0.009026128266033254,25,20,stratified_track,f37d445eac4fe94ed5b346b8939aa361ab11f8f32b60cc5c06698bb858efaba8,0
GTSRB,42,noise,5,GTSRBCNN,ResNet18,24,90,2,2,0.022222222222222223,0.022222222222222223,0.0,tie,0.0005589714924538849,0.0005652911249293386,35,40,9,23,0.0007125890736342043,0.0018210609659540776,34,34,stratified_track,f37d445eac4fe94ed5b346b8939aa361ab11f8f32b60cc5c06698bb858efaba8,0
GTSRB,42,noise,5,GTSRBCNN,ResNet18,25,480,259,305,0.5395833333333333,0.6354166666666666,0.09583333333333333,ResNet18,0.07238680827277809,0.08620689655172414,5,2,668,332,0.05288994457640538,0.026286619160728424,5,6,stratified_track,f37d445eac4fe94ed5b346b8939aa361ab11f8f32b60cc5c06698bb858efaba8,0
GTSRB,42,noise,5,GTSRBCNN,ResNet18,26,180,11,70,0.06111111111111111,0.3888888888888889,0.3277777777777778,ResNet18,0.0030743432084963667,0.01978518937252685,28,20,14,160,0.0011084718923198734,0.012668250197941409,31,14,stratified_track,f37d445eac4fe94ed5b346b8939aa361ab11f8f32b60cc5c06698bb858efaba8,0
GTSRB,42,noise,5,GTSRBCNN,ResNet18,27,60,0,4,0.0,0.06666666666666667,0.06666666666666667,ResNet18,0.0,0.0011305822498586771,42,37,0,18,0.0,0.0014251781472684087,42,36,stratified_track,f37d445eac4fe94ed5b346b8939aa361ab11f8f32b60cc5c06698bb858efaba8,0
GTSRB,42,noise,5,GTSRBCNN,ResNet18,28,150,5,72,0.03333333333333333,0.48,0.44666666666666666,ResNet18,0.001397428731134712,0.02035048049745619,32,19,18,157,0.0014251781472684087,0.012430720506730008,29,16,stratified_track,f37d445eac4fe94ed5b346b8939aa361ab11f8f32b60cc5c06698bb858efaba8,0
GTSRB,42,noise,5,GTSRBCNN,ResNet18,29,90,11,79,0.12222222222222222,0.8777777777777778,0.7555555555555555,ResNet18,0.0030743432084963667,0.022328999434708875,29,17,18,4798,0.0014251781472684087,0.379889152810768,30,1,stratified_track,f37d445eac4fe94ed5b346b8939aa361ab11f8f32b60cc5c06698bb858efaba8,0
GTSRB,42,noise,5,GTSRBCNN,ResNet18,30,150,0,10,0.0,0.06666666666666667,0.06666666666666667,ResNet18,0.0,0.002826455624646693,43,35,0,162,0.0,0.012826603325415678,43,13,stratified_track,f37d445eac4fe94ed5b346b8939aa361ab11f8f32b60cc5c06698bb858efaba8,0
GTSRB,42,noise,5,GTSRBCNN,ResNet18,31,270,54,0,0.2,0.0,-0.2,GTSRBCNN,0.01509223029625489,0.0,15,43,472,0,0.03737133808392716,0.0,8,43,stratified_track,f37d445eac4fe94ed5b346b8939aa361ab11f8f32b60cc5c06698bb858efaba8,0
GTSRB,42,noise,5,GTSRBCNN,ResNet18,32,60,1,4,0.016666666666666666,0.06666666666666667,0.05,ResNet18,0.00027948574622694243,0.0011305822498586771,38,38,558,11,0.044180522565320665,0.0008709422011084719,7,38,stratified_track,f37d445eac4fe94ed5b346b8939aa361ab11f8f32b60cc5c06698bb858efaba8,0
GTSRB,42,noise,5,GTSRBCNN,ResNet18,33,210,32,77,0.1523809523809524,0.36666666666666664,0.21428571428571425,ResNet18,0.008943543879262158,0.021763708309779535,19,18,32,78,0.002533650039588282,0.006175771971496437,27,22,stratified_track,f37d445eac4fe94ed5b346b8939aa361ab11f8f32b60cc5c06698bb858efaba8,0
GTSRB,42,noise,5,GTSRBCNN,ResNet18,34,120,83,87,0.6916666666666667,0.725,0.033333333333333326,ResNet18,0.023197316936836222,0.02459016393442623,11,16,83,89,0.006571654790182106,0.007046714172604909,16,21,stratified_track,f37d445eac4fe94ed5b346b8939aa361ab11f8f32b60cc5c06698bb858efaba8,0
GTSRB,42,noise,5,GTSRBCNN,ResNet18,35,390,49,117,0.12564102564102564,0.3,0.17435897435897435,ResNet18,0.01369480156512018,0.03306953080836631,16,10,54,128,0.004275534441805225,0.010134600158353128,23,18,stratified_track,f37d445eac4fe94ed5b346b8939aa361ab11f8f32b60cc5c06698bb858efaba8,0
GTSRB,42,noise,5,GTSRBCNN,ResNet18,36,120,106,27,0.8833333333333333,0.225,-0.6583333333333333,GTSRBCNN,0.029625489100055896,0.007631430186546071,8,28,807,27,0.06389548693586698,0.0021377672209026127,4,33,stratified_track,f37d445eac4fe94ed5b346b8939aa361ab11f8f32b60cc5c06698bb858efaba8,0
GTSRB,42,noise,5,GTSRBCNN,ResNet18,37,60,4,1,0.06666666666666667,0.016666666666666666,-0.05,GTSRBCNN,0.0011179429849077697,0.0002826455624646693,33,41,4,1,0.00031670625494853525,7.917656373713381e-05,37,41,stratified_track,f37d445eac4fe94ed5b346b8939aa361ab11f8f32b60cc5c06698bb858efaba8,0
GTSRB,42,noise,5,GTSRBCNN,ResNet18,38,690,442,196,0.6405797101449275,0.28405797101449276,-0.3565217391304348,GTSRBCNN,0.12353269983230855,0.055398530243075186,4,6,630,196,0.0498812351543943,0.015518606492478226,6,9,stratified_track,f37d445eac4fe94ed5b346b8939aa361ab11f8f32b60cc5c06698bb858efaba8,0
GTSRB,42,noise,5,GTSRBCNN,ResNet18,39,90,38,57,0.4222222222222222,0.6333333333333333,0.21111111111111108,ResNet18,0.010620458356623811,0.01611079706048615,17,22,43,57,0.003404592240696754,0.004513064133016627,24,24,stratified_track,f37d445eac4fe94ed5b346b8939aa361ab11f8f32b60cc5c06698bb858efaba8,0
GTSRB,42,noise,5,GTSRBCNN,ResNet18,40,90,24,19,0.26666666666666666,0.2111111111111111,-0.05555555555555555,GTSRBCNN,0.006707657909446618,0.005370265686828717,22,32,113,21,0.00894695170229612,0.00166270783847981,14,35,stratified_track,f37d445eac4fe94ed5b346b8939aa361ab11f8f32b60cc5c06698bb858efaba8,0
GTSRB,42,noise,5,GTSRBCNN,ResNet18,41,60,1,20,0.016666666666666666,0.3333333333333333,0.31666666666666665,ResNet18,0.00027948574622694243,0.005652911249293386,39,31,1,36,7.917656373713381e-05,0.0028503562945368173,39,27,stratified_track,f37d445eac4fe94ed5b346b8939aa361ab11f8f32b60cc5c06698bb858efaba8,0
GTSRB,42,noise,5,GTSRBCNN,ResNet18,42,90,3,1,0.03333333333333333,0.011111111111111112,-0.02222222222222222,GTSRBCNN,0.0008384572386808273,0.0002826455624646693,34,42,9,1,0.0007125890736342043,7.917656373713381e-05,35,42,stratified_track,f37d445eac4fe94ed5b346b8939aa361ab11f8f32b60cc5c06698bb858efaba8,0
GTSRB,42,low_light,1,GTSRBCNN,ResNet18,0,60,31,57,0.5166666666666667,0.95,0.43333333333333324,ResNet18,0.0028338970655452968,0.004738548507772882,42,41,52,59,0.004117181314330958,0.004671417260490895,41,41,stratified_track,f37d445eac4fe94ed5b346b8939aa361ab11f8f32b60cc5c06698bb858efaba8,0
GTSRB,42,low_light,1,GTSRBCNN,ResNet18,1,720,661,710,0.9180555555555555,0.9861111111111112,0.06805555555555565,ResNet18,0.06042599872017552,0.05902402527225871,2,3,721,795,0.05708630245447348,0.06294536817102138,3,1,stratified_track,f37d445eac4fe94ed5b346b8939aa361ab11f8f32b60cc5c06698bb858efaba8,0
GTSRB,42,low_light,1,GTSRBCNN,ResNet18,2,750,607,740,0.8093333333333333,0.9866666666666667,0.17733333333333334,ResNet18,0.055489532864064356,0.06151799817108654,6,1,646,764,0.051148060174188444,0.06049089469517023,8,2,stratified_track,f37d445eac4fe94ed5b346b8939aa361ab11f8f32b60cc5c06698bb858efaba8,0
GTSRB,42,low_light,1,GTSRBCNN,ResNet18,3,450,371,448,0.8244444444444444,0.9955555555555555,0.1711111111111111,ResNet18,0.03391534875217113,0.03724332862249564,13,11,462,604,0.03657957244655582,0.04782264449722882,12,8,stratified_track,f37d445eac4fe94ed5b346b8939aa361ab11f8f32b60cc5c06698bb858efaba8,0
GTSRB,42,low_light,1,GTSRBCNN,ResNet18,4,660,590,651,0.8939393939393939,0.9863636363636363,0.09242424242424241,ResNet18,0.05393546027973307,0.05411921190456397,7,5,658,697,0.05209817893903405,0.055186064924782265,5,4,stratified_track,f37d445eac4fe94ed5b346b8939aa361ab11f8f32b60cc5c06698bb858efaba8,0
GTSRB,42,low_light,1,GTSRBCNN,ResNet18,5,630,530,452,0.8412698412698413,0.7174603174603175,-0.12380952380952381,GTSRBCNN,0.04845049821738733,0.03757585834233935,8,10,725,467,0.05740300870942201,0.036975455265241486,2,11,stratified_track,f37d445eac4fe94ed5b346b8939aa361ab11f8f32b60cc5c06698bb858efaba8,0
GTSRB,42,low_light,1,GTSRBCNN,ResNet18,6,150,87,140,0.58,0.9333333333333333,0.3533333333333334,ResNet18,0.007953194990401317,0.011638540194529886,30,26,87,140,0.006888361045130641,0.011084718923198733,34,26,stratified_track,f37d445eac4fe94ed5b346b8939aa361ab11f8f32b60cc5c06698bb858efaba8,0
GTSRB,42,low_light,1,GTSRBCNN,ResNet18,7,450,321,440,0.7133333333333334,0.9777777777777777,0.26444444444444437,ResNet18,0.029344547033549686,0.03657826918280822,16,12,373,461,0.02953285827395091,0.036500395882818684,15,12,stratified_track,f37d445eac4fe94ed5b346b8939aa361ab11f8f32b60cc5c06698bb858efaba8,0
GTSRB,42,low_light,1,GTSRBCNN,ResNet18,8,450,388,413,0.8622222222222222,0.9177777777777778,0.05555555555555558,ResNet18,0.035469421336502424,0.034333693573863164,11,13,536,423,0.04243863816310372,0.0334916864608076,11,13,stratified_track,f37d445eac4fe94ed5b346b8939aa361ab11f8f32b60cc5c06698bb858efaba8,0
GTSRB,42,low_light,1,GTSRBCNN,ResNet18,9,480,471,480,0.98125,1.0,0.018750000000000044,ResNet18,0.04305695218941402,0.03990356638124532,9,8,542,498,0.04291369754552653,0.039429928741092635,10,9,stratified_track,f37d445eac4fe94ed5b346b8939aa361ab11f8f32b60cc5c06698bb858efaba8,0
GTSRB,42,low_light,1,GTSRBCNN,ResNet18,10,660,643,650,0.9742424242424242,0.9848484848484849,0.010606060606060619,ResNet18,0.0587805101014718,0.054036079474603045,4,6,654,651,0.05178147268408551,0.05154394299287411,7,6,stratified_track,f37d445eac4fe94ed5b346b8939aa361ab11f8f32b60cc5c06698bb858efaba8,0
GTSRB,42,low_light,1,GTSRBCNN,ResNet18,11,420,385,410,0.9166666666666666,0.9761904761904762,0.059523809523809534,ResNet18,0.035195173233385134,0.03408429628398038,12,14,444,422,0.03515439429928741,0.033412509897070466,13,14,stratified_track,f37d445eac4fe94ed5b346b8939aa361ab11f8f32b60cc5c06698bb858efaba8,0
GTSRB,42,low_light,1,GTSRBCNN,ResNet18,12,690,638,686,0.9246376811594202,0.9942028985507246,0.06956521739130439,ResNet18,0.058323429929609656,0.05702884695319644,5,4,672,688,0.05320665083135392,0.05447347585114806,4,5,stratified_track,f37d445eac4fe94ed5b346b8939aa361ab11f8f32b60cc5c06698bb858efaba8,0
GTSRB,42,low_light,1,GTSRBCNN,ResNet18,13,720,716,716,0.9944444444444445,0.9944444444444445,0.0,tie,0.06545388061065911,0.059522819852024275,1,2,764,735,0.06049089469517023,0.05819477434679335,1,3,stratified_track,f37d445eac4fe94ed5b346b8939aa361ab11f8f32b60cc5c06698bb858efaba8,0
GTSRB,42,low_light,1,GTSRBCNN,ResNet18,14,270,267,269,0.9888888888888889,0.9962962962962963,0.007407407407407418,ResNet18,0.024408081177438524,0.022362623659489565,18,18,270,278,0.021377672209026127,0.0220110847189232,18,18,stratified_track,f37d445eac4fe94ed5b346b8939aa361ab11f8f32b60cc5c06698bb858efaba8,0
GTSRB,42,low_light,1,GTSRBCNN,ResNet18,15,210,210,210,1.0,1.0,0.0,tie,0.019197367218210075,0.01745781029179483,19,20,235,212,0.018606492478226443,0.016785431512272367,19,21,stratified_track,f37d445eac4fe94ed5b346b8939aa361ab11f8f32b60cc5c06698bb858efaba8,0
GTSRB,42,low_light,1,GTSRBCNN,ResNet18,16,150,116,144,0.7733333333333333,0.96,0.18666666666666665,ResNet18,0.010604259987201756,0.011971069914373597,25,24,123,147,0.009738717339667458,0.01163895486935867,25,25,stratified_track,f37d445eac4fe94ed5b346b8939aa361ab11f8f32b60cc5c06698bb858efaba8,0
GTSRB,42,low_light,1,GTSRBCNN,ResNet18,17,360,324,345,0.9,0.9583333333333334,0.05833333333333335,ResNet18,0.029618795136666973,0.028680688336520075,15,17,326,345,0.025811559778305623,0.027315914489311165,17,17,stratified_track,f37d445eac4fe94ed5b346b8939aa361ab11f8f32b60cc5c06698bb858efaba8,0
GTSRB,42,low_light,1,GTSRBCNN,ResNet18,18,390,279,360,0.7153846153846154,0.9230769230769231,0.20769230769230773,ResNet18,0.02550507358990767,0.029927674785933993,17,15,338,376,0.026761678543151226,0.029770387965162314,16,15,stratified_track,f37d445eac4fe94ed5b346b8939aa361ab11f8f32b60cc5c06698bb858efaba8,0
GTSRB,42,low_light,1,GTSRBCNN,ResNet18,19,60,56,60,0.9333333333333333,1.0,0.06666666666666665,ResNet18,0.00511929792485602,0.004987945797655665,35,38,73,80,0.005779889152810768,0.006334125098970704,38,37,stratified_track,f37d445eac4fe94ed5b346b8939aa361ab11f8f32b60cc5c06698bb858efaba8,0
GTSRB,42,low_light,1,GTSRBCNN,ResNet18,20,90,89,90,0.9888888888888889,1.0,0.011111111111111072,ResNet18,0.008136027059146175,0.007481918696483498,28,31,193,95,0.015281076801266825,0.007521773555027712,23,31,stratified_track,f37d445eac4fe94ed5b346b8939aa361ab11f8f32b60cc5c06698bb858efaba8,0
GTSRB,42,low_light,1,GTSRBCNN,ResNet18,21,90,54,71,0.6,0.7888888888888889,0.18888888888888888,ResNet18,0.004936465856111162,0.005902402527225871,37,37,82,71,0.0064924782264449725,0.0056215360253365,36,39,stratified_track,f37d445eac4fe94ed5b346b8939aa361ab11f8f32b60cc5c06698bb858efaba8,0
GTSRB,42,low_light,1,GTSRBCNN,ResNet18,22,120,102,107,0.85,0.8916666666666667,0.04166666666666674,ResNet18,0.00932443550598775,0.00889517000581927,26,30,107,107,0.008471892319873317,0.008471892319873317,29,30,stratified_track,f37d445eac4fe94ed5b346b8939aa361ab11f8f32b60cc5c06698bb858efaba8,0
GTSRB,42,low_light,1,GTSRBCNN,ResNet18,23,150,88,150,0.5866666666666667,1.0,0.41333333333333333,ResNet18,0.008044611024773746,0.012469864494139164,29,23,103,160,0.008155186064924783,0.012668250197941409,30,23,stratified_track,f37d445eac4fe94ed5b346b8939aa361ab11f8f32b60cc5c06698bb858efaba8,0
GTSRB,42,low_light,1,GTSRBCNN,ResNet18,24,90,49,83,0.5444444444444444,0.9222222222222223,0.3777777777777779,ResNet18,0.0044793856842490175,0.006899991686757004,39,35,50,83,0.00395882818685669,0.006571654790182106,42,36,stratified_track,f37d445eac4fe94ed5b346b8939aa361ab11f8f32b60cc5c06698bb858efaba8,0
GTSRB,42,low_light,1,GTSRBCNN,ResNet18,25,480,414,465,0.8625,0.96875,0.10624999999999996,ResNet18,0.037846238230185576,0.03865657993183141,10,9,576,480,0.04560570071258908,0.03800475059382423,9,10,stratified_track,f37d445eac4fe94ed5b346b8939aa361ab11f8f32b60cc5c06698bb858efaba8,0
GTSRB,42,low_light,1,GTSRBCNN,ResNet18,26,180,178,166,0.9888888888888889,0.9222222222222223,-0.06666666666666665,GTSRBCNN,0.01627205411829235,0.013799983373514008,22,22,222,201,0.017577197149643706,0.015914489311163897,20,22,stratified_track,f37d445eac4fe94ed5b346b8939aa361ab11f8f32b60cc5c06698bb858efaba8,0
GTSRB,42,low_light,1,GTSRBCNN,ResNet18,27,60,46,60,0.7666666666666667,1.0,0.23333333333333328,ResNet18,0.004205137581131731,0.004987945797655665,41,39,49,75,0.0038796516231195564,0.0059382422802850355,43,38,stratified_track,f37d445eac4fe94ed5b346b8939aa361ab11f8f32b60cc5c06698bb858efaba8,0
GTSRB,42,low_light,1,GTSRBCNN,ResNet18,28,150,96,144,0.64,0.96,0.31999999999999995,ResNet18,0.008775939299753177,0.011971069914373597,27,25,117,150,0.009263657957244655,0.011876484560570071,27,24,stratified_track,f37d445eac4fe94ed5b346b8939aa361ab11f8f32b60cc5c06698bb858efaba8,0
GTSRB,42,low_light,1,GTSRBCNN,ResNet18,29,90,84,90,0.9333333333333333,1.0,0.06666666666666665,ResNet18,0.00767894688728403,0.007481918696483498,31,32,108,91,0.00855106888361045,0.007205067300079177,28,33,stratified_track,f37d445eac4fe94ed5b346b8939aa361ab11f8f32b60cc5c06698bb858efaba8,0
GTSRB,42,low_light,1,GTSRBCNN,ResNet18,30,150,50,122,0.3333333333333333,0.8133333333333334,0.48000000000000004,ResNet18,0.004570801718621446,0.010142156455233186,38,27,97,129,0.007680126682501979,0.010213776722090262,31,27,stratified_track,f37d445eac4fe94ed5b346b8939aa361ab11f8f32b60cc5c06698bb858efaba8,0
GTSRB,42,low_light,1,GTSRBCNN,ResNet18,31,270,204,261,0.7555555555555555,0.9666666666666667,0.21111111111111114,ResNet18,0.0186488710119755,0.021697564219802144,20,19,208,265,0.016468725257323832,0.02098178939034046,21,19,stratified_track,f37d445eac4fe94ed5b346b8939aa361ab11f8f32b60cc5c06698bb858efaba8,0
GTSRB,42,low_light,1,GTSRBCNN,ResNet18,32,60,59,53,0.9833333333333333,0.8833333333333333,-0.09999999999999998,GTSRBCNN,0.005393546027973307,0.004406018787929171,34,42,85,57,0.006730007917656373,0.004513064133016627,35,43,stratified_track,f37d445eac4fe94ed5b346b8939aa361ab11f8f32b60cc5c06698bb858efaba8,0
GTSRB,42,low_light,1,GTSRBCNN,ResNet18,33,210,202,206,0.9619047619047619,0.9809523809523809,0.01904761904761898,ResNet18,0.018466038943230643,0.017125280571951118,21,21,206,215,0.016310372129849565,0.017022961203483768,22,20,stratified_track,f37d445eac4fe94ed5b346b8939aa361ab11f8f32b60cc5c06698bb858efaba8,0
GTSRB,42,low_light,1,GTSRBCNN,ResNet18,34,120,119,119,0.9916666666666667,0.9916666666666667,0.0,tie,0.010878508090319042,0.009892759165350403,23,28,120,119,0.009501187648456057,0.009422011084718924,26,28,stratified_track,f37d445eac4fe94ed5b346b8939aa361ab11f8f32b60cc5c06698bb858efaba8,0
GTSRB,42,low_light,1,GTSRBCNN,ResNet18,35,390,368,347,0.9435897435897436,0.8897435897435897,-0.05384615384615388,GTSRBCNN,0.033641100649053846,0.028846953196441934,14,16,388,351,0.030720506730007917,0.027790973871733966,14,16,stratified_track,f37d445eac4fe94ed5b346b8939aa361ab11f8f32b60cc5c06698bb858efaba8,0
GTSRB,42,low_light,1,GTSRBCNN,ResNet18,36,120,118,119,0.9833333333333333,0.9916666666666667,0.008333333333333415,ResNet18,0.010787092055946614,0.009892759165350403,24,29,165,119,0.013064133016627079,0.009422011084718924,24,29,stratified_track,f37d445eac4fe94ed5b346b8939aa361ab11f8f32b60cc5c06698bb858efaba8,0
GTSRB,42,low_light,1,GTSRBCNN,ResNet18,37,60,55,58,0.9166666666666666,0.9666666666666667,0.050000000000000044,ResNet18,0.005027881890483591,0.00482168093773381,36,40,60,60,0.004750593824228029,0.004750593824228029,40,40,stratified_track,f37d445eac4fe94ed5b346b8939aa361ab11f8f32b60cc5c06698bb858efaba8,0
GTSRB,42,low_light,1,GTSRBCNN,ResNet18,38,690,653,634,0.946376811594203,0.9188405797101449,-0.02753623188405807,GTSRBCNN,0.05969467044519609,0.052705960595228196,3,7,655,636,0.051860649247822646,0.0503562945368171,6,7,stratified_track,f37d445eac4fe94ed5b346b8939aa361ab11f8f32b60cc5c06698bb858efaba8,0
GTSRB,42,low_light,1,GTSRBCNN,ResNet18,39,90,79,84,0.8777777777777778,0.9333333333333333,0.05555555555555558,ResNet18,0.007221866715421885,0.006983124116717932,32,34,94,86,0.007442596991290578,0.006809184481393508,32,35,stratified_track,f37d445eac4fe94ed5b346b8939aa361ab11f8f32b60cc5c06698bb858efaba8,0
GTSRB,42,low_light,1,GTSRBCNN,ResNet18,40,90,75,83,0.8333333333333334,0.9222222222222223,0.0888888888888889,ResNet18,0.00685620257793217,0.006899991686757004,33,36,93,92,0.007363420427553444,0.00728424386381631,33,32,stratified_track,f37d445eac4fe94ed5b346b8939aa361ab11f8f32b60cc5c06698bb858efaba8,0
GTSRB,42,low_light,1,GTSRBCNN,ResNet18,41,60,17,49,0.2833333333333333,0.8166666666666667,0.5333333333333333,ResNet18,0.0015540725843312918,0.0040734890680854605,43,43,70,59,0.0055423594615993665,0.004671417260490895,39,42,stratified_track,f37d445eac4fe94ed5b346b8939aa361ab11f8f32b60cc5c06698bb858efaba8,0
GTSRB,42,low_light,1,GTSRBCNN,ResNet18,42,90,49,87,0.5444444444444444,0.9666666666666667,0.4222222222222223,ResNet18,0.0044793856842490175,0.007232521406600715,40,33,81,87,0.006413301662707839,0.006888361045130641,37,34,stratified_track,f37d445eac4fe94ed5b346b8939aa361ab11f8f32b60cc5c06698bb858efaba8,0
GTSRB,42,low_light,2,GTSRBCNN,ResNet18,0,60,24,56,0.4,0.9333333333333333,0.5333333333333333,ResNet18,0.0022218107757822625,0.004674067273182539,42,42,47,57,0.003721298495645289,0.004513064133016627,42,42,stratified_track,f37d445eac4fe94ed5b346b8939aa361ab11f8f32b60cc5c06698bb858efaba8,0
GTSRB,42,low_light,2,GTSRBCNN,ResNet18,1,720,657,714,0.9125,0.9916666666666667,0.07916666666666672,ResNet18,0.060822069987039436,0.05959435773307737,2,3,714,809,0.056532066508313536,0.06405384006334125,3,1,stratified_track,f37d445eac4fe94ed5b346b8939aa361ab11f8f32b60cc5c06698bb858efaba8,0
GTSRB,42,low_light,2,GTSRBCNN,ResNet18,2,750,570,740,0.76,0.9866666666666667,0.22666666666666668,ResNet18,0.052768005924828734,0.06176446039562641,7,1,607,765,0.04806017418844022,0.060570071258907364,9,2,stratified_track,f37d445eac4fe94ed5b346b8939aa361ab11f8f32b60cc5c06698bb858efaba8,0
GTSRB,42,low_light,2,GTSRBCNN,ResNet18,3,450,367,448,0.8155555555555556,0.9955555555555555,0.17999999999999994,ResNet18,0.03397518977967043,0.03739253818546031,13,11,459,628,0.03634204275534442,0.04972288202692003,12,8,stratified_track,f37d445eac4fe94ed5b346b8939aa361ab11f8f32b60cc5c06698bb858efaba8,0
GTSRB,42,low_light,2,GTSRBCNN,ResNet18,4,660,576,638,0.8727272727272727,0.9666666666666667,0.09393939393939399,ResNet18,0.0533234586187743,0.0532509807194725,6,7,644,665,0.05098970704671417,0.05265241488519398,7,5,stratified_track,f37d445eac4fe94ed5b346b8939aa361ab11f8f32b60cc5c06698bb858efaba8,0
GTSRB,42,low_light,2,GTSRBCNN,ResNet18,5,630,547,450,0.8682539682539683,0.7142857142857143,-0.15396825396825398,GTSRBCNN,0.050638770598037404,0.03755946915950255,8,10,752,474,0.05954077593032463,0.03752969121140143,1,11,stratified_track,f37d445eac4fe94ed5b346b8939aa361ab11f8f32b60cc5c06698bb858efaba8,0
GTSRB,42,low_light,2,GTSRBCNN,ResNet18,6,150,90,138,0.6,0.92,0.32000000000000006,ResNet18,0.008331790409183484,0.011518237208914114,28,26,90,145,0.007125890736342043,0.011480601741884403,33,25,stratified_track,f37d445eac4fe94ed5b346b8939aa361ab11f8f32b60cc5c06698bb858efaba8,0
GTSRB,42,low_light,2,GTSRBCNN,ResNet18,7,450,308,435,0.6844444444444444,0.9666666666666667,0.28222222222222226,ResNet18,0.028513238289205704,0.03630748685418579,16,12,371,461,0.029374505146476642,0.036500395882818684,14,12,stratified_track,f37d445eac4fe94ed5b346b8939aa361ab11f8f32b60cc5c06698bb858efaba8,0
GTSRB,42,low_light,2,GTSRBCNN,ResNet18,8,450,388,404,0.8622222222222222,0.8977777777777778,0.03555555555555556,ResNet18,0.03591927420847991,0.033720056756531176,11,13,563,413,0.04457640538400633,0.032699920823436264,10,13,stratified_track,f37d445eac4fe94ed5b346b8939aa361ab11f8f32b60cc5c06698bb858efaba8,0
GTSRB,42,low_light,2,GTSRBCNN,ResNet18,9,480,470,480,0.9791666666666666,1.0,0.02083333333333337,ResNet18,0.043510461025735976,0.04006343377013605,9,8,548,500,0.04338875692794933,0.0395882818685669,11,9,stratified_track,f37d445eac4fe94ed5b346b8939aa361ab11f8f32b60cc5c06698bb858efaba8,0
GTSRB,42,low_light,2,GTSRBCNN,ResNet18,10,660,644,648,0.9757575757575757,0.9818181818181818,0.0060606060606061,ResNet18,0.05961858915015738,0.05408563558968366,4,5,658,649,0.05209817893903405,0.051385589865399844,5,6,stratified_track,f37d445eac4fe94ed5b346b8939aa361ab11f8f32b60cc5c06698bb858efaba8,0
GTSRB,42,low_light,2,GTSRBCNN,ResNet18,11,420,383,403,0.9119047619047619,0.9595238095238096,0.04761904761904767,ResNet18,0.035456396963525275,0.03363659126951006,12,14,443,413,0.03507521773555028,0.032699920823436264,13,14,stratified_track,f37d445eac4fe94ed5b346b8939aa361ab11f8f32b60cc5c06698bb858efaba8,0
GTSRB,42,low_light,2,GTSRBCNN,ResNet18,12,690,628,686,0.9101449275362319,0.9942028985507246,0.08405797101449275,ResNet18,0.05813738196630254,0.0572573240964861,5,4,667,691,0.05281076801266825,0.05471100554235946,4,4,stratified_track,f37d445eac4fe94ed5b346b8939aa361ab11f8f32b60cc5c06698bb858efaba8,0
GTSRB,42,low_light,2,GTSRBCNN,ResNet18,13,720,717,717,0.9958333333333333,0.9958333333333333,0.0,tie,0.0663765969264951,0.059844754194140724,1,2,746,736,0.05906571654790182,0.05827395091053048,2,3,stratified_track,f37d445eac4fe94ed5b346b8939aa361ab11f8f32b60cc5c06698bb858efaba8,0
GTSRB,42,low_light,2,GTSRBCNN,ResNet18,14,270,264,269,0.9777777777777777,0.9962962962962963,0.0185185185185186,ResNet18,0.024439918533604887,0.02245221600868041,18,18,267,274,0.021140142517814726,0.021694378463974665,18,18,stratified_track,f37d445eac4fe94ed5b346b8939aa361ab11f8f32b60cc5c06698bb858efaba8,0
GTSRB,42,low_light,2,GTSRBCNN,ResNet18,15,210,209,210,0.9952380952380953,1.0,0.004761904761904745,ResNet18,0.019348268839103868,0.01752775227443452,19,20,244,212,0.01931908155186065,0.016785431512272367,19,20,stratified_track,f37d445eac4fe94ed5b346b8939aa361ab11f8f32b60cc5c06698bb858efaba8,0
GTSRB,42,low_light,2,GTSRBCNN,ResNet18,16,150,115,142,0.7666666666666667,0.9466666666666667,0.17999999999999994,ResNet18,0.010646176633956674,0.01185209915699858,25,24,121,145,0.009580364212193191,0.011480601741884403,26,26,stratified_track,f37d445eac4fe94ed5b346b8939aa361ab11f8f32b60cc5c06698bb858efaba8,0
GTSRB,42,low_light,2,GTSRBCNN,ResNet18,17,360,324,343,0.9,0.9527777777777777,0.0527777777777777,ResNet18,0.029994445473060544,0.02862866204824305,15,16,328,344,0.02596991290577989,0.02723673792557403,17,17,stratified_track,f37d445eac4fe94ed5b346b8939aa361ab11f8f32b60cc5c06698bb858efaba8,0
GTSRB,42,low_light,2,GTSRBCNN,ResNet18,18,390,270,359,0.6923076923076923,0.9205128205128205,0.22820512820512817,ResNet18,0.024995371227550453,0.02996410984058092,17,15,334,376,0.02644497228820269,0.029770387965162314,16,15,stratified_track,f37d445eac4fe94ed5b346b8939aa361ab11f8f32b60cc5c06698bb858efaba8,0
GTSRB,42,low_light,2,GTSRBCNN,ResNet18,19,60,51,60,0.85,1.0,0.15000000000000002,ResNet18,0.004721347898537308,0.005007929221267006,38,38,65,83,0.005146476642913698,0.006571654790182106,39,34,stratified_track,f37d445eac4fe94ed5b346b8939aa361ab11f8f32b60cc5c06698bb858efaba8,0
GTSRB,42,low_light,2,GTSRBCNN,ResNet18,20,90,89,90,0.9888888888888889,1.0,0.011111111111111072,ResNet18,0.008239214960192557,0.007511893831900509,29,31,203,94,0.016072842438638164,0.007442596991290578,23,32,stratified_track,f37d445eac4fe94ed5b346b8939aa361ab11f8f32b60cc5c06698bb858efaba8,0
GTSRB,42,low_light,2,GTSRBCNN,ResNet18,21,90,57,69,0.6333333333333333,0.7666666666666667,0.13333333333333341,ResNet18,0.005276800592482873,0.005759118604457057,35,37,89,69,0.007046714172604909,0.005463182897862233,34,39,stratified_track,f37d445eac4fe94ed5b346b8939aa361ab11f8f32b60cc5c06698bb858efaba8,0
GTSRB,42,low_light,2,GTSRBCNN,ResNet18,22,120,94,110,0.7833333333333333,0.9166666666666666,0.1333333333333333,ResNet18,0.008702092205147194,0.009181203572322844,27,30,101,110,0.007996832937450515,0.00870942201108472,29,30,stratified_track,f37d445eac4fe94ed5b346b8939aa361ab11f8f32b60cc5c06698bb858efaba8,0
GTSRB,42,low_light,2,GTSRBCNN,ResNet18,23,150,79,150,0.5266666666666666,1.0,0.4733333333333334,ResNet18,0.007313460470283281,0.012519823053167515,31,23,93,164,0.007363420427553444,0.012984956452889945,32,23,stratified_track,f37d445eac4fe94ed5b346b8939aa361ab11f8f32b60cc5c06698bb858efaba8,0
GTSRB,42,low_light,2,GTSRBCNN,ResNet18,24,90,45,82,0.5,0.9111111111111111,0.4111111111111111,ResNet18,0.004165895204591742,0.006844169935731575,39,34,46,82,0.003642121931908155,0.0064924782264449725,43,35,stratified_track,f37d445eac4fe94ed5b346b8939aa361ab11f8f32b60cc5c06698bb858efaba8,0
GTSRB,42,low_light,2,GTSRBCNN,ResNet18,25,480,413,465,0.8604166666666667,0.96875,0.10833333333333328,ResNet18,0.0382336604332531,0.0388114514648193,10,9,612,481,0.048456057007125894,0.03808392715756136,8,10,stratified_track,f37d445eac4fe94ed5b346b8939aa361ab11f8f32b60cc5c06698bb858efaba8,0
GTSRB,42,low_light,2,GTSRBCNN,ResNet18,26,180,179,165,0.9944444444444445,0.9166666666666666,-0.07777777777777783,GTSRBCNN,0.01657100536937604,0.013771805358484266,22,22,214,204,0.016943784639746634,0.016152019002375298,20,22,stratified_track,f37d445eac4fe94ed5b346b8939aa361ab11f8f32b60cc5c06698bb858efaba8,0
GTSRB,42,low_light,2,GTSRBCNN,ResNet18,27,60,44,60,0.7333333333333333,1.0,0.2666666666666667,ResNet18,0.004073319755600814,0.005007929221267006,40,39,48,74,0.003800475059382423,0.005859065716547902,41,38,stratified_track,f37d445eac4fe94ed5b346b8939aa361ab11f8f32b60cc5c06698bb858efaba8,0
GTSRB,42,low_light,2,GTSRBCNN,ResNet18,28,150,95,142,0.6333333333333333,0.9466666666666667,0.31333333333333335,ResNet18,0.008794667654138123,0.01185209915699858,26,25,118,147,0.00934283452098179,0.01163895486935867,27,24,stratified_track,f37d445eac4fe94ed5b346b8939aa361ab11f8f32b60cc5c06698bb858efaba8,0
GTSRB,42,low_light,2,GTSRBCNN,ResNet18,29,90,84,90,0.9333333333333333,1.0,0.06666666666666665,ResNet18,0.007776337715237919,0.007511893831900509,30,32,95,92,0.007521773555027712,0.00728424386381631,31,33,stratified_track,f37d445eac4fe94ed5b346b8939aa361ab11f8f32b60cc5c06698bb858efaba8,0
GTSRB,42,low_light,2,GTSRBCNN,ResNet18,30,150,42,118,0.28,0.7866666666666666,0.5066666666666666,ResNet18,0.0038881688576189594,0.009848927468491779,41,29,104,128,0.008234362628661916,0.010134600158353128,28,27,stratified_track,f37d445eac4fe94ed5b346b8939aa361ab11f8f32b60cc5c06698bb858efaba8,0
GTSRB,42,low_light,2,GTSRBCNN,ResNet18,31,270,205,260,0.7592592592592593,0.9629629629629629,0.2037037037037036,ResNet18,0.01897796704314016,0.02170102662549036,21,19,206,263,0.016310372129849565,0.02082343626286619,22,19,stratified_track,f37d445eac4fe94ed5b346b8939aa361ab11f8f32b60cc5c06698bb858efaba8,0
GTSRB,42,low_light,2,GTSRBCNN,ResNet18,32,60,58,58,0.9666666666666667,0.9666666666666667,0.0,tie,0.005369376041473801,0.004840998247224773,34,40,85,62,0.006730007917656373,0.004908946951702296,36,40,stratified_track,f37d445eac4fe94ed5b346b8939aa361ab11f8f32b60cc5c06698bb858efaba8,0
GTSRB,42,low_light,2,GTSRBCNN,ResNet18,33,210,207,206,0.9857142857142858,0.9809523809523809,-0.004761904761904856,GTSRBCNN,0.019163117941122014,0.017193890326350054,20,21,213,212,0.0168646080760095,0.016785431512272367,21,21,stratified_track,f37d445eac4fe94ed5b346b8939aa361ab11f8f32b60cc5c06698bb858efaba8,0
GTSRB,42,low_light,2,GTSRBCNN,ResNet18,34,120,119,119,0.9916666666666667,0.9916666666666667,0.0,tie,0.011016478429920385,0.009932392955512896,23,27,125,119,0.009897070467141725,0.009422011084718924,25,29,stratified_track,f37d445eac4fe94ed5b346b8939aa361ab11f8f32b60cc5c06698bb858efaba8,0
GTSRB,42,low_light,2,GTSRBCNN,ResNet18,35,390,352,341,0.9025641025641026,0.8743589743589744,-0.028205128205128216,GTSRBCNN,0.032586558044806514,0.02846173107420082,14,17,371,345,0.029374505146476642,0.027315914489311165,15,16,stratified_track,f37d445eac4fe94ed5b346b8939aa361ab11f8f32b60cc5c06698bb858efaba8,0
GTSRB,42,low_light,2,GTSRBCNN,ResNet18,36,120,118,119,0.9833333333333333,0.9916666666666667,0.008333333333333415,ResNet18,0.010923902980929457,0.009932392955512896,24,28,182,120,0.014410134600158353,0.009501187648456057,24,28,stratified_track,f37d445eac4fe94ed5b346b8939aa361ab11f8f32b60cc5c06698bb858efaba8,0
GTSRB,42,low_light,2,GTSRBCNN,ResNet18,37,60,52,58,0.8666666666666667,0.9666666666666667,0.09999999999999998,ResNet18,0.004813923347528236,0.004840998247224773,36,41,59,60,0.004671417260490895,0.004750593824228029,40,41,stratified_track,f37d445eac4fe94ed5b346b8939aa361ab11f8f32b60cc5c06698bb858efaba8,0
GTSRB,42,low_light,2,GTSRBCNN,ResNet18,38,690,650,643,0.9420289855072463,0.9318840579710145,-0.010144927536231862,GTSRBCNN,0.060174041844102945,0.053668308154578084,3,6,651,644,0.05154394299287411,0.05098970704671417,6,7,stratified_track,f37d445eac4fe94ed5b346b8939aa361ab11f8f32b60cc5c06698bb858efaba8,0
GTSRB,42,low_light,2,GTSRBCNN,ResNet18,39,90,72,81,0.8,0.9,0.09999999999999998,ResNet18,0.0066654323273467875,0.006760704448710458,33,36,85,82,0.006730007917656373,0.0064924782264449725,37,36,stratified_track,f37d445eac4fe94ed5b346b8939aa361ab11f8f32b60cc5c06698bb858efaba8,0
GTSRB,42,low_light,2,GTSRBCNN,ResNet18,40,90,75,84,0.8333333333333334,0.9333333333333333,0.09999999999999998,ResNet18,0.00694315867431957,0.0070111009097738085,32,33,96,102,0.007600950118764846,0.008076009501187649,30,31,stratified_track,f37d445eac4fe94ed5b346b8939aa361ab11f8f32b60cc5c06698bb858efaba8,0
GTSRB,42,low_light,2,GTSRBCNN,ResNet18,41,60,19,49,0.31666666666666665,0.8166666666666667,0.5,ResNet18,0.0017589335308276245,0.004089808864034722,43,43,80,54,0.006334125098970704,0.004275534441805225,38,43,stratified_track,f37d445eac4fe94ed5b346b8939aa361ab11f8f32b60cc5c06698bb858efaba8,0
GTSRB,42,low_light,2,GTSRBCNN,ResNet18,42,90,52,82,0.5777777777777777,0.9111111111111111,0.33333333333333337,ResNet18,0.004813923347528236,0.006844169935731575,37,35,86,82,0.006809184481393508,0.0064924782264449725,35,37,stratified_track,f37d445eac4fe94ed5b346b8939aa361ab11f8f32b60cc5c06698bb858efaba8,0
GTSRB,42,low_light,3,GTSRBCNN,ResNet18,0,60,15,51,0.25,0.85,0.6,ResNet18,0.0014334862385321102,0.004319471499957653,43,42,35,52,0.0027711797307996833,0.004117181314330958,43,42,stratified_track,f37d445eac4fe94ed5b346b8939aa361ab11f8f32b60cc5c06698bb858efaba8,0
GTSRB,42,low_light,3,GTSRBCNN,ResNet18,1,720,635,715,0.8819444444444444,0.9930555555555556,0.11111111111111116,ResNet18,0.06068425076452599,0.06055729651901414,4,2,697,830,0.055186064924782265,0.06571654790182106,3,1,stratified_track,f37d445eac4fe94ed5b346b8939aa361ab11f8f32b60cc5c06698bb858efaba8,0
GTSRB,42,low_light,3,GTSRBCNN,ResNet18,2,750,507,735,0.676,0.98,0.30399999999999994,ResNet18,0.04845183486238532,0.0622512069111544,8,1,536,757,0.04243863816310372,0.059936658749010295,11,2,stratified_track,f37d445eac4fe94ed5b346b8939aa361ab11f8f32b60cc5c06698bb858efaba8,0
GTSRB,42,low_light,3,GTSRBCNN,ResNet18,3,450,350,445,0.7777777777777778,0.9888888888888889,0.21111111111111114,ResNet18,0.033448012232415905,0.03768950622512069,13,10,469,667,0.03713380839271575,0.05281076801266825,12,5,stratified_track,f37d445eac4fe94ed5b346b8939aa361ab11f8f32b60cc5c06698bb858efaba8,0
GTSRB,42,low_light,3,GTSRBCNN,ResNet18,4,660,554,617,0.8393939393939394,0.9348484848484848,0.09545454545454546,ResNet18,0.0529434250764526,0.05225713559752689,6,7,640,638,0.050673000791765635,0.05051464766429137,8,8,stratified_track,f37d445eac4fe94ed5b346b8939aa361ab11f8f32b60cc5c06698bb858efaba8,0
GTSRB,42,low_light,3,GTSRBCNN,ResNet18,5,630,540,433,0.8571428571428571,0.6873015873015873,-0.1698412698412698,GTSRBCNN,0.051605504587155966,0.036673159989836536,7,11,794,472,0.06286619160728424,0.03737133808392716,1,11,stratified_track,f37d445eac4fe94ed5b346b8939aa361ab11f8f32b60cc5c06698bb858efaba8,0
GTSRB,42,low_light,3,GTSRBCNN,ResNet18,6,150,91,135,0.6066666666666667,0.9,0.29333333333333333,ResNet18,0.008696483180428134,0.011433895146946727,27,26,112,156,0.008867775138558987,0.012351543942992874,29,24,stratified_track,f37d445eac4fe94ed5b346b8939aa361ab11f8f32b60cc5c06698bb858efaba8,0
GTSRB,42,low_light,3,GTSRBCNN,ResNet18,7,450,291,420,0.6466666666666666,0.9333333333333333,0.28666666666666674,ResNet18,0.027809633027522936,0.03557211823494537,16,12,372,467,0.029453681710213776,0.036975455265241486,14,12,stratified_track,f37d445eac4fe94ed5b346b8939aa361ab11f8f32b60cc5c06698bb858efaba8,0
GTSRB,42,low_light,3,GTSRBCNN,ResNet18,8,450,386,384,0.8577777777777778,0.8533333333333334,-0.004444444444444362,GTSRBCNN,0.03688837920489297,0.03252307952909291,11,14,638,397,0.05051464766429137,0.03143309580364212,9,14,stratified_track,f37d445eac4fe94ed5b346b8939aa361ab11f8f32b60cc5c06698bb858efaba8,0
GTSRB,42,low_light,3,GTSRBCNN,ResNet18,9,480,465,480,0.96875,1.0,0.03125,ResNet18,0.04443807339449541,0.04065384941136614,9,8,556,501,0.0440221694378464,0.039667458432304036,10,9,stratified_track,f37d445eac4fe94ed5b346b8939aa361ab11f8f32b60cc5c06698bb858efaba8,0
GTSRB,42,low_light,3,GTSRBCNN,ResNet18,10,660,638,642,0.9666666666666667,0.9727272727272728,0.0060606060606061,ResNet18,0.060970948012232414,0.05437452358770221,3,6,663,643,0.052494061757719715,0.050910530482977036,5,7,stratified_track,f37d445eac4fe94ed5b346b8939aa361ab11f8f32b60cc5c06698bb858efaba8,0
GTSRB,42,low_light,3,GTSRBCNN,ResNet18,11,420,378,390,0.9,0.9285714285714286,0.02857142857142858,ResNet18,0.03612385321100917,0.03303125264673499,12,13,434,399,0.03436262866191607,0.031591448931116387,13,13,stratified_track,f37d445eac4fe94ed5b346b8939aa361ab11f8f32b60cc5c06698bb858efaba8,0
GTSRB,42,low_light,3,GTSRBCNN,ResNet18,12,690,618,676,0.8956521739130435,0.9797101449275363,0.08405797101449275,ResNet18,0.059059633027522936,0.057254171254340645,5,4,654,680,0.05178147268408551,0.053840063341250986,6,4,stratified_track,f37d445eac4fe94ed5b346b8939aa361ab11f8f32b60cc5c06698bb858efaba8,0
GTSRB,42,low_light,3,GTSRBCNN,ResNet18,13,720,716,715,0.9944444444444445,0.9930555555555556,-0.001388888888888884,GTSRBCNN,0.06842507645259939,0.06055729651901414,1,3,736,734,0.05827395091053048,0.058115597783056215,2,3,stratified_track,f37d445eac4fe94ed5b346b8939aa361ab11f8f32b60cc5c06698bb858efaba8,0
GTSRB,42,low_light,3,GTSRBCNN,ResNet18,14,270,253,268,0.937037037037037,0.9925925925925926,0.05555555555555558,ResNet18,0.024178134556574922,0.022698399254679428,18,18,257,273,0.02034837688044339,0.02161520190023753,18,18,stratified_track,f37d445eac4fe94ed5b346b8939aa361ab11f8f32b60cc5c06698bb858efaba8,0
GTSRB,42,low_light,3,GTSRBCNN,ResNet18,15,210,209,210,0.9952380952380953,1.0,0.004761904761904745,ResNet18,0.019973241590214068,0.017786059117472684,19,20,255,213,0.020190023752969122,0.0168646080760095,19,21,stratified_track,f37d445eac4fe94ed5b346b8939aa361ab11f8f32b60cc5c06698bb858efaba8,0
GTSRB,42,low_light,3,GTSRBCNN,ResNet18,16,150,109,138,0.7266666666666667,0.92,0.19333333333333336,ResNet18,0.010416666666666666,0.011687981705767765,25,25,114,141,0.009026128266033254,0.011163895486935867,27,26,stratified_track,f37d445eac4fe94ed5b346b8939aa361ab11f8f32b60cc5c06698bb858efaba8,0
GTSRB,42,low_light,3,GTSRBCNN,ResNet18,17,360,324,345,0.9,0.9583333333333334,0.05833333333333335,ResNet18,0.03096330275229358,0.029219954264419413,14,16,336,347,0.02660332541567696,0.027474267616785432,16,16,stratified_track,f37d445eac4fe94ed5b346b8939aa361ab11f8f32b60cc5c06698bb858efaba8,0
GTSRB,42,low_light,3,GTSRBCNN,ResNet18,18,390,281,355,0.7205128205128205,0.9102564102564102,0.18974358974358974,ResNet18,0.026853975535168197,0.03006690946048954,17,15,343,369,0.027157561361836897,0.029216152019002375,15,15,stratified_track,f37d445eac4fe94ed5b346b8939aa361ab11f8f32b60cc5c06698bb858efaba8,0
GTSRB,42,low_light,3,GTSRBCNN,ResNet18,19,60,43,59,0.7166666666666667,0.9833333333333333,0.2666666666666666,ResNet18,0.004109327217125382,0.004997035656813755,37,40,66,80,0.005225653206650831,0.006334125098970704,38,35,stratified_track,f37d445eac4fe94ed5b346b8939aa361ab11f8f32b60cc5c06698bb858efaba8,0
GTSRB,42,low_light,3,GTSRBCNN,ResNet18,20,90,89,90,0.9888888888888889,1.0,0.011111111111111072,ResNet18,0.008505351681957186,0.007622596764631151,28,31,171,99,0.013539192399049882,0.007838479809976246,24,32,stratified_track,f37d445eac4fe94ed5b346b8939aa361ab11f8f32b60cc5c06698bb858efaba8,0
GTSRB,42,low_light,3,GTSRBCNN,ResNet18,21,90,59,65,0.6555555555555556,0.7222222222222222,0.06666666666666665,ResNet18,0.005638379204892966,0.005505208774455831,34,36,95,65,0.007521773555027712,0.005146476642913698,31,39,stratified_track,f37d445eac4fe94ed5b346b8939aa361ab11f8f32b60cc5c06698bb858efaba8,0
GTSRB,42,low_light,3,GTSRBCNN,ResNet18,22,120,86,110,0.7166666666666667,0.9166666666666666,0.19999999999999996,ResNet18,0.008218654434250764,0.009316507156771407,29,29,90,110,0.007125890736342043,0.00870942201108472,32,31,stratified_track,f37d445eac4fe94ed5b346b8939aa361ab11f8f32b60cc5c06698bb858efaba8,0
GTSRB,42,low_light,3,GTSRBCNN,ResNet18,23,150,71,150,0.47333333333333333,1.0,0.5266666666666666,ResNet18,0.006785168195718654,0.012704327941051918,32,23,89,172,0.007046714172604909,0.013618368962787016,34,23,stratified_track,f37d445eac4fe94ed5b346b8939aa361ab11f8f32b60cc5c06698bb858efaba8,0
GTSRB,42,low_light,3,GTSRBCNN,ResNet18,24,90,37,81,0.4111111111111111,0.9,0.48888888888888893,ResNet18,0.003535932721712538,0.006860337088168036,40,34,37,82,0.002929532858273951,0.0064924782264449725,42,34,stratified_track,f37d445eac4fe94ed5b346b8939aa361ab11f8f32b60cc5c06698bb858efaba8,0
GTSRB,42,low_light,3,GTSRBCNN,ResNet18,25,480,419,465,0.8729166666666667,0.96875,0.09583333333333333,ResNet18,0.04004204892966361,0.03938341661726095,10,9,685,480,0.05423594615993666,0.03800475059382423,4,10,stratified_track,f37d445eac4fe94ed5b346b8939aa361ab11f8f32b60cc5c06698bb858efaba8,0
GTSRB,42,low_light,3,GTSRBCNN,ResNet18,26,180,179,164,0.9944444444444445,0.9111111111111111,-0.08333333333333337,GTSRBCNN,0.017106269113149847,0.013890065215550097,21,22,216,212,0.0171021377672209,0.016785431512272367,20,22,stratified_track,f37d445eac4fe94ed5b346b8939aa361ab11f8f32b60cc5c06698bb858efaba8,0
GTSRB,42,low_light,3,GTSRBCNN,ResNet18,27,60,39,59,0.65,0.9833333333333333,0.33333333333333326,ResNet18,0.0037270642201834864,0.004997035656813755,39,41,43,71,0.003404592240696754,0.0056215360253365,41,38,stratified_track,f37d445eac4fe94ed5b346b8939aa361ab11f8f32b60cc5c06698bb858efaba8,0
GTSRB,42,low_light,3,GTSRBCNN,ResNet18,28,150,92,141,0.6133333333333333,0.94,0.32666666666666666,ResNet18,0.008792048929663608,0.011942068264588804,26,24,117,151,0.009263657957244655,0.011955661124307205,26,25,stratified_track,f37d445eac4fe94ed5b346b8939aa361ab11f8f32b60cc5c06698bb858efaba8,0
GTSRB,42,low_light,3,GTSRBCNN,ResNet18,29,90,83,90,0.9222222222222223,1.0,0.07777777777777772,ResNet18,0.007931957186544342,0.007622596764631151,30,32,90,92,0.007125890736342043,0.00728424386381631,33,33,stratified_track,f37d445eac4fe94ed5b346b8939aa361ab11f8f32b60cc5c06698bb858efaba8,0
GTSRB,42,low_light,3,GTSRBCNN,ResNet18,30,150,29,110,0.19333333333333333,0.7333333333333333,0.5399999999999999,ResNet18,0.002771406727828746,0.009316507156771407,41,30,114,125,0.009026128266033254,0.009897070467141725,28,28,stratified_track,f37d445eac4fe94ed5b346b8939aa361ab11f8f32b60cc5c06698bb858efaba8,0
GTSRB,42,low_light,3,GTSRBCNN,ResNet18,31,270,178,254,0.6592592592592592,0.9407407407407408,0.28148148148148155,ResNet18,0.017010703363914373,0.021512661980181248,22,19,178,262,0.014093428345209817,0.020744259699129058,23,19,stratified_track,f37d445eac4fe94ed5b346b8939aa361ab11f8f32b60cc5c06698bb858efaba8,0
GTSRB,42,low_light,3,GTSRBCNN,ResNet18,32,60,43,60,0.7166666666666667,1.0,0.2833333333333333,ResNet18,0.004109327217125382,0.005081731176420768,38,37,64,75,0.005067300079176564,0.0059382422802850355,39,36,stratified_track,f37d445eac4fe94ed5b346b8939aa361ab11f8f32b60cc5c06698bb858efaba8,0
GTSRB,42,low_light,3,GTSRBCNN,ResNet18,33,210,208,209,0.9904761904761905,0.9952380952380953,0.004761904761904745,ResNet18,0.019877675840978593,0.01770136359786567,20,21,212,219,0.016785431512272367,0.017339667458432306,22,20,stratified_track,f37d445eac4fe94ed5b346b8939aa361ab11f8f32b60cc5c06698bb858efaba8,0
GTSRB,42,low_light,3,GTSRBCNN,ResNet18,34,120,118,119,0.9833333333333333,0.9916666666666667,0.008333333333333415,ResNet18,0.011276758409785932,0.010078766833234522,23,27,134,120,0.01060965954077593,0.009501187648456057,25,29,stratified_track,f37d445eac4fe94ed5b346b8939aa361ab11f8f32b60cc5c06698bb858efaba8,0
GTSRB,42,low_light,3,GTSRBCNN,ResNet18,35,390,317,334,0.8128205128205128,0.8564102564102564,0.043589743589743546,ResNet18,0.03029434250764526,0.02828830354874227,15,17,333,337,0.026365795724465558,0.026682501979414092,17,17,stratified_track,f37d445eac4fe94ed5b346b8939aa361ab11f8f32b60cc5c06698bb858efaba8,0
GTSRB,42,low_light,3,GTSRBCNN,ResNet18,36,120,118,119,0.9833333333333333,0.9916666666666667,0.008333333333333415,ResNet18,0.011276758409785932,0.010078766833234522,24,28,214,120,0.016943784639746634,0.009501187648456057,21,30,stratified_track,f37d445eac4fe94ed5b346b8939aa361ab11f8f32b60cc5c06698bb858efaba8,0
GTSRB,42,low_light,3,GTSRBCNN,ResNet18,37,60,44,60,0.7333333333333333,1.0,0.2666666666666667,ResNet18,0.004204892966360856,0.005081731176420768,36,38,44,62,0.0034837688044338875,0.004908946951702296,40,40,stratified_track,f37d445eac4fe94ed5b346b8939aa361ab11f8f32b60cc5c06698bb858efaba8,0
GTSRB,42,low_light,3,GTSRBCNN,ResNet18,38,690,644,647,0.9333333333333333,0.9376811594202898,0.004347826086956497,ResNet18,0.06154434250764526,0.05479800118573727,2,5,650,648,0.05146476642913698,0.05130641330166271,7,6,stratified_track,f37d445eac4fe94ed5b346b8939aa361ab11f8f32b60cc5c06698bb858efaba8,0
GTSRB,42,low_light,3,GTSRBCNN,ResNet18,39,90,60,60,0.6666666666666666,0.6666666666666666,0.0,tie,0.005733944954128441,0.005081731176420768,33,39,72,61,0.005700712589073635,0.004829770387965162,37,41,stratified_track,f37d445eac4fe94ed5b346b8939aa361ab11f8f32b60cc5c06698bb858efaba8,0
GTSRB,42,low_light,3,GTSRBCNN,ResNet18,40,90,76,85,0.8444444444444444,0.9444444444444444,0.09999999999999998,ResNet18,0.007262996941896025,0.007199119166596087,31,33,103,128,0.008155186064924783,0.010134600158353128,30,27,stratified_track,f37d445eac4fe94ed5b346b8939aa361ab11f8f32b60cc5c06698bb858efaba8,0
GTSRB,42,low_light,3,GTSRBCNN,ResNet18,41,60,19,49,0.31666666666666665,0.8166666666666667,0.5,ResNet18,0.0018157492354740061,0.004150080460743627,42,43,85,50,0.006730007917656373,0.00395882818685669,36,43,stratified_track,f37d445eac4fe94ed5b346b8939aa361ab11f8f32b60cc5c06698bb858efaba8,0
GTSRB,42,low_light,3,GTSRBCNN,ResNet18,42,90,53,73,0.5888888888888889,0.8111111111111111,0.2222222222222222,ResNet18,0.005064984709480122,0.006182772931311933,35,35,87,73,0.006888361045130641,0.005779889152810768,35,37,stratified_track,f37d445eac4fe94ed5b346b8939aa361ab11f8f32b60cc5c06698bb858efaba8,0
GTSRB,42,low_light,4,GTSRBCNN,ResNet18,0,60,4,42,0.06666666666666667,0.7,0.6333333333333333,ResNet18,0.0004082049188692724,0.003691658609475257,43,42,24,42,0.0019002375296912114,0.00332541567695962,42,43,stratified_track,f37d445eac4fe94ed5b346b8939aa361ab11f8f32b60cc5c06698bb858efaba8,0
GTSRB,42,low_light,4,GTSRBCNN,ResNet18,1,720,605,714,0.8402777777777778,0.9916666666666667,0.1513888888888889,ResNet18,0.06174099397897745,0.06275819636107938,5,2,663,855,0.052494061757719715,0.06769596199524941,6,2,stratified_track,f37d445eac4fe94ed5b346b8939aa361ab11f8f32b60cc5c06698bb858efaba8,0
GTSRB,42,low_light,4,GTSRBCNN,ResNet18,2,750,406,718,0.5413333333333333,0.9573333333333334,0.41600000000000004,ResNet18,0.04143279926523115,0.0631097828953151,10,1,424,742,0.033570863024544734,0.058749010292953284,13,3,stratified_track,f37d445eac4fe94ed5b346b8939aa361ab11f8f32b60cc5c06698bb858efaba8,0
GTSRB,42,low_light,4,GTSRBCNN,ResNet18,3,450,327,444,0.7266666666666667,0.9866666666666667,0.26,ResNet18,0.03337075211756302,0.039026105300167,14,10,523,857,0.04140934283452098,0.06785431512272368,11,1,stratified_track,f37d445eac4fe94ed5b346b8939aa361ab11f8f32b60cc5c06698bb858efaba8,0
GTSRB,42,low_light,4,GTSRBCNN,ResNet18,4,660,473,562,0.7166666666666667,0.8515151515151516,0.13484848484848488,ResNet18,0.048270231656291455,0.049397908060121294,7,7,578,587,0.045764053840063344,0.04647664291369755,9,8,stratified_track,f37d445eac4fe94ed5b346b8939aa361ab11f8f32b60cc5c06698bb858efaba8,0
GTSRB,42,low_light,4,GTSRBCNN,ResNet18,5,630,497,423,0.7888888888888889,0.6714285714285714,-0.11746031746031749,GTSRBCNN,0.05071946116950709,0.03718027599542938,6,11,835,469,0.06611243072050672,0.03713380839271575,2,12,stratified_track,f37d445eac4fe94ed5b346b8939aa361ab11f8f32b60cc5c06698bb858efaba8,0
GTSRB,42,low_light,4,GTSRBCNN,ResNet18,6,150,91,130,0.6066666666666667,0.8666666666666667,0.26,ResNet18,0.009286661904275946,0.01142656236266151,26,25,144,170,0.01140142517814727,0.013460015835312747,26,24,stratified_track,f37d445eac4fe94ed5b346b8939aa361ab11f8f32b60cc5c06698bb858efaba8,0
GTSRB,42,low_light,4,GTSRBCNN,ResNet18,7,450,269,404,0.5977777777777777,0.8977777777777778,0.30000000000000004,ResNet18,0.027451780793958568,0.035510239957809615,15,12,372,510,0.029453681710213776,0.040380047505938245,14,9,stratified_track,f37d445eac4fe94ed5b346b8939aa361ab11f8f32b60cc5c06698bb858efaba8,0
GTSRB,42,low_light,4,GTSRBCNN,ResNet18,8,450,396,322,0.88,0.7155555555555555,-0.1644444444444445,GTSRBCNN,0.040412286968057966,0.02830271600597697,11,15,809,341,0.06405384006334125,0.02699920823436263,3,15,stratified_track,f37d445eac4fe94ed5b346b8939aa361ab11f8f32b60cc5c06698bb858efaba8,0
GTSRB,42,low_light,4,GTSRBCNN,ResNet18,9,480,451,467,0.9395833333333333,0.9729166666666667,0.033333333333333326,ResNet18,0.04602510460251046,0.0410477278720225,8,8,569,488,0.045051464766429135,0.0386381631037213,10,10,stratified_track,f37d445eac4fe94ed5b346b8939aa361ab11f8f32b60cc5c06698bb858efaba8,0
GTSRB,42,low_light,4,GTSRBCNN,ResNet18,10,660,617,615,0.9348484848484848,0.9318181818181818,-0.00303030303030305,GTSRBCNN,0.06296560873558527,0.05405642963874484,3,6,649,616,0.051385589865399844,0.04877276326207443,7,7,stratified_track,f37d445eac4fe94ed5b346b8939aa361ab11f8f32b60cc5c06698bb858efaba8,0
GTSRB,42,low_light,4,GTSRBCNN,ResNet18,11,420,369,381,0.8785714285714286,0.9071428571428571,0.02857142857142858,ResNet18,0.03765690376569038,0.03348861738595412,12,13,438,391,0.03467933491686461,0.030958036421219318,12,13,stratified_track,f37d445eac4fe94ed5b346b8939aa361ab11f8f32b60cc5c06698bb858efaba8,0
GTSRB,42,low_light,4,GTSRBCNN,ResNet18,12,690,609,657,0.8826086956521739,0.9521739130434783,0.06956521739130439,ResNet18,0.062149198897846716,0.05774808824822009,4,4,644,663,0.05098970704671417,0.052494061757719715,8,5,stratified_track,f37d445eac4fe94ed5b346b8939aa361ab11f8f32b60cc5c06698bb858efaba8,0
GTSRB,42,low_light,4,GTSRBCNN,ResNet18,13,720,707,710,0.9819444444444444,0.9861111111111112,0.004166666666666763,ResNet18,0.07215021941014389,0.06240660982684363,1,3,722,725,0.05716547901821061,0.05740300870942201,4,4,stratified_track,f37d445eac4fe94ed5b346b8939aa361ab11f8f32b60cc5c06698bb858efaba8,0
GTSRB,42,low_light,4,GTSRBCNN,ResNet18,14,270,226,264,0.837037037037037,0.9777777777777777,0.14074074074074072,ResNet18,0.023063577916113888,0.02320471125955876,17,18,228,266,0.018052256532066508,0.021060965954077592,20,18,stratified_track,f37d445eac4fe94ed5b346b8939aa361ab11f8f32b60cc5c06698bb858efaba8,0
GTSRB,42,low_light,4,GTSRBCNN,ResNet18,15,210,207,210,0.9857142857142858,1.0,0.014285714285714235,ResNet18,0.021124604551484846,0.018458293047376284,20,20,245,213,0.019398258115597783,0.0168646080760095,19,21,stratified_track,f37d445eac4fe94ed5b346b8939aa361ab11f8f32b60cc5c06698bb858efaba8,0
GTSRB,42,low_light,4,GTSRBCNN,ResNet18,16,150,97,120,0.6466666666666666,0.8,0.15333333333333343,ResNet18,0.009898969282579856,0.010547596027072163,25,26,99,122,0.007838479809976246,0.009659540775930325,30,27,stratified_track,f37d445eac4fe94ed5b346b8939aa361ab11f8f32b60cc5c06698bb858efaba8,0
GTSRB,42,low_light,4,GTSRBCNN,ResNet18,17,360,332,353,0.9222222222222223,0.9805555555555555,0.05833333333333324,ResNet18,0.033881008266149606,0.031027511646303945,13,14,346,354,0.0273950910530483,0.028028503562945367,15,14,stratified_track,f37d445eac4fe94ed5b346b8939aa361ab11f8f32b60cc5c06698bb858efaba8,0
GTSRB,42,low_light,4,GTSRBCNN,ResNet18,18,390,215,322,0.5512820512820513,0.8256410256410256,0.2743589743589743,ResNet18,0.02194101438922339,0.02830271600597697,18,16,266,334,0.021060965954077592,0.02644497228820269,17,16,stratified_track,f37d445eac4fe94ed5b346b8939aa361ab11f8f32b60cc5c06698bb858efaba8,0
GTSRB,42,low_light,4,GTSRBCNN,ResNet18,19,60,23,36,0.38333333333333336,0.6,0.21666666666666662,ResNet18,0.002347178283498316,0.003164278808121649,40,43,52,53,0.004117181314330958,0.004196357878068092,38,40,stratified_track,f37d445eac4fe94ed5b346b8939aa361ab11f8f32b60cc5c06698bb858efaba8,0
GTSRB,42,low_light,4,GTSRBCNN,ResNet18,20,90,88,90,0.9777777777777777,1.0,0.022222222222222254,ResNet18,0.008980508215123991,0.007910697020304122,27,31,147,97,0.01163895486935867,0.007680126682501979,24,33,stratified_track,f37d445eac4fe94ed5b346b8939aa361ab11f8f32b60cc5c06698bb858efaba8,0
GTSRB,42,low_light,4,GTSRBCNN,ResNet18,21,90,60,61,0.6666666666666666,0.6777777777777778,0.011111111111111183,ResNet18,0.0061230737830390855,0.005361694647095017,32,35,99,61,0.007838479809976246,0.004829770387965162,31,37,stratified_track,f37d445eac4fe94ed5b346b8939aa361ab11f8f32b60cc5c06698bb858efaba8,0
GTSRB,42,low_light,4,GTSRBCNN,ResNet18,22,120,70,110,0.5833333333333334,0.9166666666666666,0.33333333333333326,ResNet18,0.007143586080212267,0.009668629691482817,30,29,72,110,0.005700712589073635,0.00870942201108472,34,31,stratified_track,f37d445eac4fe94ed5b346b8939aa361ab11f8f32b60cc5c06698bb858efaba8,0
GTSRB,42,low_light,4,GTSRBCNN,ResNet18,23,150,59,140,0.3933333333333333,0.9333333333333333,0.54,ResNet18,0.006021022553321768,0.012305528698250858,34,23,70,166,0.0055423594615993665,0.013143309580364212,35,25,stratified_track,f37d445eac4fe94ed5b346b8939aa361ab11f8f32b60cc5c06698bb858efaba8,0
GTSRB,42,low_light,4,GTSRBCNN,ResNet18,24,90,11,73,0.12222222222222222,0.8111111111111111,0.6888888888888889,ResNet18,0.001122563526890499,0.006416454249802233,42,34,11,83,0.0008709422011084719,0.006571654790182106,43,35,stratified_track,f37d445eac4fe94ed5b346b8939aa361ab11f8f32b60cc5c06698bb858efaba8,0
GTSRB,42,low_light,4,GTSRBCNN,ResNet18,25,480,412,465,0.8583333333333333,0.96875,0.11041666666666672,ResNet18,0.04204510664353506,0.04087193460490463,9,9,875,482,0.06927949326999208,0.0381631037212985,1,11,stratified_track,f37d445eac4fe94ed5b346b8939aa361ab11f8f32b60cc5c06698bb858efaba8,0
GTSRB,42,low_light,4,GTSRBCNN,ResNet18,26,180,177,162,0.9833333333333333,0.9,-0.08333333333333326,GTSRBCNN,0.018063067659965303,0.01423925463654742,21,22,259,207,0.020506730007917657,0.0163895486935867,18,22,stratified_track,f37d445eac4fe94ed5b346b8939aa361ab11f8f32b60cc5c06698bb858efaba8,0
GTSRB,42,low_light,4,GTSRBCNN,ResNet18,27,60,34,48,0.5666666666666667,0.8,0.2333333333333334,ResNet18,0.0034697418103888152,0.004219038410828865,37,41,38,60,0.0030087094220110845,0.004750593824228029,41,39,stratified_track,f37d445eac4fe94ed5b346b8939aa361ab11f8f32b60cc5c06698bb858efaba8,0
GTSRB,42,low_light,4,GTSRBCNN,ResNet18,28,150,88,138,0.5866666666666667,0.92,0.33333333333333337,ResNet18,0.008980508215123991,0.012129735431132988,28,24,115,159,0.009105304829770388,0.012589073634204275,28,26,stratified_track,f37d445eac4fe94ed5b346b8939aa361ab11f8f32b60cc5c06698bb858efaba8,0
GTSRB,42,low_light,4,GTSRBCNN,ResNet18,29,90,70,90,0.7777777777777778,1.0,0.2222222222222222,ResNet18,0.007143586080212267,0.007910697020304122,31,32,77,96,0.0060965954077593035,0.007600950118764846,33,34,stratified_track,f37d445eac4fe94ed5b346b8939aa361ab11f8f32b60cc5c06698bb858efaba8,0
GTSRB,42,low_light,4,GTSRBCNN,ResNet18,30,150,32,101,0.21333333333333335,0.6733333333333333,0.45999999999999996,ResNet18,0.003265639350954179,0.008877559989452404,38,30,146,114,0.011559778305621536,0.009026128266033254,25,30,stratified_track,f37d445eac4fe94ed5b346b8939aa361ab11f8f32b60cc5c06698bb858efaba8,0
GTSRB,42,low_light,4,GTSRBCNN,ResNet18,31,270,155,225,0.5740740740740741,0.8333333333333334,0.2592592592592593,ResNet18,0.015817940606184303,0.019776742550760305,22,19,156,236,0.012351543942992874,0.01868566904196358,23,19,stratified_track,f37d445eac4fe94ed5b346b8939aa361ab11f8f32b60cc5c06698bb858efaba8,0
GTSRB,42,low_light,4,GTSRBCNN,ResNet18,32,60,30,60,0.5,1.0,0.5,ResNet18,0.0030615368915195428,0.005273798013536082,39,36,43,106,0.003404592240696754,0.008392715756136183,39,32,stratified_track,f37d445eac4fe94ed5b346b8939aa361ab11f8f32b60cc5c06698bb858efaba8,0
GTSRB,42,low_light,4,GTSRBCNN,ResNet18,33,210,208,209,0.9904761904761905,0.9952380952380953,0.004761904761904745,ResNet18,0.021226655781202163,0.01837039641381735,19,21,210,219,0.0166270783847981,0.017339667458432306,22,20,stratified_track,f37d445eac4fe94ed5b346b8939aa361ab11f8f32b60cc5c06698bb858efaba8,0
GTSRB,42,low_light,4,GTSRBCNN,ResNet18,34,120,117,119,0.975,0.9916666666666667,0.01666666666666672,ResNet18,0.011939993876926217,0.010459699393513228,23,28,142,121,0.011243072050673,0.009580364212193191,27,28,stratified_track,f37d445eac4fe94ed5b346b8939aa361ab11f8f32b60cc5c06698bb858efaba8,0
GTSRB,42,low_light,4,GTSRBCNN,ResNet18,35,390,268,305,0.6871794871794872,0.782051282051282,0.09487179487179487,ResNet18,0.02734972956424125,0.02680847323547508,16,17,285,312,0.022565320665083134,0.02470308788598575,16,17,stratified_track,f37d445eac4fe94ed5b346b8939aa361ab11f8f32b60cc5c06698bb858efaba8,0
GTSRB,42,low_light,4,GTSRBCNN,ResNet18,36,120,117,120,0.975,1.0,0.025000000000000022,ResNet18,0.011939993876926217,0.010547596027072163,24,27,225,121,0.017814726840855107,0.009580364212193191,21,29,stratified_track,f37d445eac4fe94ed5b346b8939aa361ab11f8f32b60cc5c06698bb858efaba8,0
GTSRB,42,low_light,4,GTSRBCNN,ResNet18,37,60,35,60,0.5833333333333334,1.0,0.41666666666666663,ResNet18,0.0035717930401061334,0.005273798013536082,36,37,39,62,0.0030878859857482186,0.004908946951702296,40,36,stratified_track,f37d445eac4fe94ed5b346b8939aa361ab11f8f32b60cc5c06698bb858efaba8,0
GTSRB,42,low_light,4,GTSRBCNN,ResNet18,38,690,639,654,0.9260869565217391,0.9478260869565217,0.021739130434782594,ResNet18,0.06521073578936626,0.05748439834754329,2,5,667,656,0.05281076801266825,0.05193982581155978,5,6,stratified_track,f37d445eac4fe94ed5b346b8939aa361ab11f8f32b60cc5c06698bb858efaba8,0
GTSRB,42,low_light,4,GTSRBCNN,ResNet18,39,90,60,60,0.6666666666666666,0.6666666666666666,0.0,tie,0.0061230737830390855,0.005273798013536082,33,38,70,61,0.0055423594615993665,0.004829770387965162,36,38,stratified_track,f37d445eac4fe94ed5b346b8939aa361ab11f8f32b60cc5c06698bb858efaba8,0
GTSRB,42,low_light,4,GTSRBCNN,ResNet18,40,90,76,88,0.8444444444444444,0.9777777777777777,0.1333333333333333,ResNet18,0.007755893458516175,0.007734903753186253,29,33,103,198,0.008155186064924783,0.015676959619952493,29,23,stratified_track,f37d445eac4fe94ed5b346b8939aa361ab11f8f32b60cc5c06698bb858efaba8,0
GTSRB,42,low_light,4,GTSRBCNN,ResNet18,41,60,20,52,0.3333333333333333,0.8666666666666667,0.5333333333333334,ResNet18,0.002041024594346362,0.004570624945064604,41,40,63,52,0.0049881235154394295,0.004117181314330958,37,42,stratified_track,f37d445eac4fe94ed5b346b8939aa361ab11f8f32b60cc5c06698bb858efaba8,0
GTSRB,42,low_light,4,GTSRBCNN,ResNet18,42,90,52,53,0.5777777777777777,0.5888888888888889,0.011111111111111183,ResNet18,0.005306663945300541,0.0046585215786235385,35,39,88,53,0.006967537608867775,0.004196357878068092,32,41,stratified_track,f37d445eac4fe94ed5b346b8939aa361ab11f8f32b60cc5c06698bb858efaba8,0
GTSRB,42,low_light,5,GTSRBCNN,ResNet18,0,60,0,31,0.0,0.5166666666666667,0.5166666666666667,ResNet18,0.0,0.0030132192846034213,42,40,5,31,0.000395882818685669,0.002454473475851148,42,43,stratified_track,f37d445eac4fe94ed5b346b8939aa361ab11f8f32b60cc5c06698bb858efaba8,0
GTSRB,42,low_light,5,GTSRBCNN,ResNet18,1,720,527,710,0.7319444444444444,0.9861111111111112,0.25416666666666676,ResNet18,0.06081938834391229,0.06901244167962675,4,1,594,984,0.04703087885985748,0.07790973871733967,8,2,stratified_track,f37d445eac4fe94ed5b346b8939aa361ab11f8f32b60cc5c06698bb858efaba8,0
GTSRB,42,low_light,5,GTSRBCNN,ResNet18,2,750,247,650,0.3293333333333333,0.8666666666666667,0.5373333333333334,ResNet18,0.028505481823427582,0.06318040435458787,14,3,251,686,0.019873317498020585,0.054315122723673795,15,4,stratified_track,f37d445eac4fe94ed5b346b8939aa361ab11f8f32b60cc5c06698bb858efaba8,0
GTSRB,42,low_light,5,GTSRBCNN,ResNet18,3,450,332,447,0.7377777777777778,0.9933333333333333,0.25555555555555554,ResNet18,0.03831506058857473,0.04344867807153966,12,8,909,1312,0.07197149643705464,0.10387965162311956,3,1,stratified_track,f37d445eac4fe94ed5b346b8939aa361ab11f8f32b60cc5c06698bb858efaba8,0
GTSRB,42,low_light,5,GTSRBCNN,ResNet18,4,660,290,376,0.4393939393939394,0.5696969696969697,0.1303030303030303,ResNet18,0.03346797461050202,0.03654743390357698,13,12,404,408,0.03198733174980206,0.032304038004750596,12,12,stratified_track,f37d445eac4fe94ed5b346b8939aa361ab11f8f32b60cc5c06698bb858efaba8,0
GTSRB,42,low_light,5,GTSRBCNN,ResNet18,5,630,446,414,0.707936507936508,0.6571428571428571,-0.050793650793650835,GTSRBCNN,0.05147143681477207,0.04024105754276827,6,10,820,456,0.06492478226444973,0.036104513064133016,4,11,stratified_track,f37d445eac4fe94ed5b346b8939aa361ab11f8f32b60cc5c06698bb858efaba8,0
GTSRB,42,low_light,5,GTSRBCNN,ResNet18,6,150,61,88,0.4066666666666667,0.5866666666666667,0.18,ResNet18,0.007039815349105597,0.008553654743390357,29,30,123,131,0.009738717339667458,0.010372129849564529,26,27,stratified_track,f37d445eac4fe94ed5b346b8939aa361ab11f8f32b60cc5c06698bb858efaba8,0
GTSRB,42,low_light,5,GTSRBCNN,ResNet18,7,450,235,385,0.5222222222222223,0.8555555555555555,0.33333333333333326,ResNet18,0.027120600115406807,0.03742223950233282,15,11,361,567,0.028582739509105306,0.04489311163895487,14,7,stratified_track,f37d445eac4fe94ed5b346b8939aa361ab11f8f32b60cc5c06698bb858efaba8,0
GTSRB,42,low_light,5,GTSRBCNN,ResNet18,8,450,379,232,0.8422222222222222,0.5155555555555555,-0.32666666666666666,GTSRBCNN,0.04373918061165609,0.02255054432348367,9,18,1227,259,0.09714964370546318,0.020506730007917657,1,17,stratified_track,f37d445eac4fe94ed5b346b8939aa361ab11f8f32b60cc5c06698bb858efaba8,0
GTSRB,42,low_light,5,GTSRBCNN,ResNet18,9,480,405,425,0.84375,0.8854166666666666,0.04166666666666663,ResNet18,0.0467397576457011,0.04131026438569207,8,9,587,466,0.04647664291369755,0.03689627870150435,9,10,stratified_track,f37d445eac4fe94ed5b346b8939aa361ab11f8f32b60cc5c06698bb858efaba8,0
GTSRB,42,low_light,5,GTSRBCNN,ResNet18,10,660,485,551,0.7348484848484849,0.8348484848484848,0.09999999999999998,ResNet18,0.05597230236583958,0.053557542768273715,5,6,522,553,0.04133016627078385,0.043784639746635,10,8,stratified_track,f37d445eac4fe94ed5b346b8939aa361ab11f8f32b60cc5c06698bb858efaba8,0
GTSRB,42,low_light,5,GTSRBCNN,ResNet18,11,420,355,373,0.8452380952380952,0.888095238095238,0.042857142857142816,ResNet18,0.04096941719561454,0.03625583203732504,10,13,407,380,0.03222486144101346,0.030087094220110848,11,13,stratified_track,f37d445eac4fe94ed5b346b8939aa361ab11f8f32b60cc5c06698bb858efaba8,0
GTSRB,42,low_light,5,GTSRBCNN,ResNet18,12,690,581,566,0.8420289855072464,0.8202898550724638,-0.021739130434782594,GTSRBCNN,0.06705135603000577,0.05501555209953344,3,5,616,572,0.04877276326207443,0.045288994457640536,7,6,stratified_track,f37d445eac4fe94ed5b346b8939aa361ab11f8f32b60cc5c06698bb858efaba8,0
GTSRB,42,low_light,5,GTSRBCNN,ResNet18,13,720,685,689,0.9513888888888888,0.9569444444444445,0.005555555555555647,ResNet18,0.07905366416618581,0.06697122861586315,1,2,692,717,0.0547901821060966,0.056769596199524944,6,3,stratified_track,f37d445eac4fe94ed5b346b8939aa361ab11f8f32b60cc5c06698bb858efaba8,0
GTSRB,42,low_light,5,GTSRBCNN,ResNet18,14,270,187,237,0.6925925925925925,0.8777777777777778,0.18518518518518523,ResNet18,0.021581073283323714,0.023036547433903577,19,16,187,240,0.014806017418844021,0.019002375296912115,21,19,stratified_track,f37d445eac4fe94ed5b346b8939aa361ab11f8f32b60cc5c06698bb858efaba8,0
GTSRB,42,low_light,5,GTSRBCNN,ResNet18,15,210,200,202,0.9523809523809523,0.9619047619047619,0.009523809523809601,ResNet18,0.02308136180034622,0.01963452566096423,18,20,227,204,0.017973079968329374,0.016152019002375298,17,23,stratified_track,f37d445eac4fe94ed5b346b8939aa361ab11f8f32b60cc5c06698bb858efaba8,0
GTSRB,42,low_light,5,GTSRBCNN,ResNet18,16,150,85,118,0.5666666666666667,0.7866666666666666,0.21999999999999997,ResNet18,0.009809578765147143,0.011469673405909799,26,27,88,118,0.006967537608867775,0.00934283452098179,30,30,stratified_track,f37d445eac4fe94ed5b346b8939aa361ab11f8f32b60cc5c06698bb858efaba8,0
GTSRB,42,low_light,5,GTSRBCNN,ResNet18,17,360,352,356,0.9777777777777777,0.9888888888888889,0.011111111111111183,ResNet18,0.04062319676860935,0.034603421461897356,11,14,364,357,0.028820269200316707,0.028266033254156768,13,15,stratified_track,f37d445eac4fe94ed5b346b8939aa361ab11f8f32b60cc5c06698bb858efaba8,0
GTSRB,42,low_light,5,GTSRBCNN,ResNet18,18,390,171,256,0.43846153846153846,0.6564102564102564,0.21794871794871795,ResNet18,0.019734564339296018,0.024883359253499222,20,15,187,265,0.014806017418844021,0.02098178939034046,22,16,stratified_track,f37d445eac4fe94ed5b346b8939aa361ab11f8f32b60cc5c06698bb858efaba8,0
GTSRB,42,low_light,5,GTSRBCNN,ResNet18,19,60,18,30,0.3,0.5,0.2,ResNet18,0.00207732256203116,0.00291601866251944,39,41,96,32,0.007600950118764846,0.002533650039588282,28,42,stratified_track,f37d445eac4fe94ed5b346b8939aa361ab11f8f32b60cc5c06698bb858efaba8,0
GTSRB,42,low_light,5,GTSRBCNN,ResNet18,20,90,88,88,0.9777777777777777,0.9777777777777777,0.0,tie,0.010155799192152338,0.008553654743390357,25,31,135,91,0.010688836104513063,0.007205067300079177,24,33,stratified_track,f37d445eac4fe94ed5b346b8939aa361ab11f8f32b60cc5c06698bb858efaba8,0
GTSRB,42,low_light,5,GTSRBCNN,ResNet18,21,90,60,46,0.6666666666666666,0.5111111111111111,-0.15555555555555556,GTSRBCNN,0.006924408540103866,0.004471228615863142,30,38,89,46,0.007046714172604909,0.003642121931908155,29,38,stratified_track,f37d445eac4fe94ed5b346b8939aa361ab11f8f32b60cc5c06698bb858efaba8,0
GTSRB,42,low_light,5,GTSRBCNN,ResNet18,22,120,63,110,0.525,0.9166666666666666,0.3916666666666666,ResNet18,0.00727062896710906,0.010692068429237946,28,28,64,110,0.005067300079176564,0.00870942201108472,35,31,stratified_track,f37d445eac4fe94ed5b346b8939aa361ab11f8f32b60cc5c06698bb858efaba8,0
GTSRB,42,low_light,5,GTSRBCNN,ResNet18,23,150,46,120,0.30666666666666664,0.8,0.4933333333333334,ResNet18,0.00530871321407963,0.01166407465007776,33,24,50,153,0.00395882818685669,0.012114014251781473,36,26,stratified_track,f37d445eac4fe94ed5b346b8939aa361ab11f8f32b60cc5c06698bb858efaba8,0
GTSRB,42,low_light,5,GTSRBCNN,ResNet18,24,90,0,26,0.0,0.28888888888888886,0.28888888888888886,ResNet18,0.0,0.002527216174183515,43,42,1,42,7.917656373713381e-05,0.00332541567695962,43,40,stratified_track,f37d445eac4fe94ed5b346b8939aa361ab11f8f32b60cc5c06698bb858efaba8,0
GTSRB,42,low_light,5,GTSRBCNN,ResNet18,25,480,435,465,0.90625,0.96875,0.0625,ResNet18,0.05020196191575303,0.04519828926905132,7,7,1200,487,0.09501187648456057,0.038558986539984165,2,9,stratified_track,f37d445eac4fe94ed5b346b8939aa361ab11f8f32b60cc5c06698bb858efaba8,0
GTSRB,42,low_light,5,GTSRBCNN,ResNet18,26,180,166,157,0.9222222222222223,0.8722222222222222,-0.050000000000000044,GTSRBCNN,0.019157530294287364,0.01526049766718507,21,22,238,219,0.018844022169437848,0.017339667458432306,16,22,stratified_track,f37d445eac4fe94ed5b346b8939aa361ab11f8f32b60cc5c06698bb858efaba8,0
GTSRB,42,low_light,5,GTSRBCNN,ResNet18,27,60,17,26,0.2833333333333333,0.43333333333333335,0.15000000000000002,ResNet18,0.0019619157530294286,0.002527216174183515,41,43,20,34,0.001583531274742676,0.0026920031670625497,41,41,stratified_track,f37d445eac4fe94ed5b346b8939aa361ab11f8f32b60cc5c06698bb858efaba8,0
GTSRB,42,low_light,5,GTSRBCNN,ResNet18,28,150,79,135,0.5266666666666666,0.9,0.3733333333333334,ResNet18,0.009117137911136757,0.013122083981337481,27,23,81,183,0.006413301662707839,0.014489311163895487,31,25,stratified_track,f37d445eac4fe94ed5b346b8939aa361ab11f8f32b60cc5c06698bb858efaba8,0
GTSRB,42,low_light,5,GTSRBCNN,ResNet18,29,90,44,90,0.4888888888888889,1.0,0.5111111111111111,ResNet18,0.005077899596076169,0.008748055987558321,34,29,49,98,0.0038796516231195564,0.007759303246239113,37,32,stratified_track,f37d445eac4fe94ed5b346b8939aa361ab11f8f32b60cc5c06698bb858efaba8,0
GTSRB,42,low_light,5,GTSRBCNN,ResNet18,30,150,29,53,0.19333333333333333,0.35333333333333333,0.16,ResNet18,0.003346797461050202,0.005151632970451011,37,35,137,65,0.010847189231987332,0.005146476642913698,23,34,stratified_track,f37d445eac4fe94ed5b346b8939aa361ab11f8f32b60cc5c06698bb858efaba8,0
GTSRB,42,low_light,5,GTSRBCNN,ResNet18,31,270,101,173,0.37407407407407406,0.6407407407407407,0.26666666666666666,ResNet18,0.011656087709174841,0.01681570762052877,24,21,103,198,0.008155186064924783,0.015676959619952493,27,24,stratified_track,f37d445eac4fe94ed5b346b8939aa361ab11f8f32b60cc5c06698bb858efaba8,0
GTSRB,42,low_light,5,GTSRBCNN,ResNet18,32,60,30,56,0.5,0.9333333333333333,0.43333333333333335,ResNet18,0.003462204270051933,0.005443234836702955,36,34,39,236,0.0030878859857482186,0.01868566904196358,38,20,stratified_track,f37d445eac4fe94ed5b346b8939aa361ab11f8f32b60cc5c06698bb858efaba8,0
GTSRB,42,low_light,5,GTSRBCNN,ResNet18,33,210,207,209,0.9857142857142858,0.9952380952380953,0.00952380952380949,ResNet18,0.02388920946335834,0.0203149300155521,17,19,215,220,0.017022961203483768,0.01741884402216944,19,21,stratified_track,f37d445eac4fe94ed5b346b8939aa361ab11f8f32b60cc5c06698bb858efaba8,0
GTSRB,42,low_light,5,GTSRBCNN,ResNet18,34,120,104,119,0.8666666666666667,0.9916666666666667,0.125,ResNet18,0.012002308136180034,0.011566874027993779,23,26,130,121,0.010292953285827395,0.009580364212193191,25,29,stratified_track,f37d445eac4fe94ed5b346b8939aa361ab11f8f32b60cc5c06698bb858efaba8,0
GTSRB,42,low_light,5,GTSRBCNN,ResNet18,35,390,211,234,0.541025641025641,0.6,0.05897435897435899,ResNet18,0.02435083669936526,0.022744945567651633,16,17,213,245,0.0168646080760095,0.019398258115597783,20,18,stratified_track,f37d445eac4fe94ed5b346b8939aa361ab11f8f32b60cc5c06698bb858efaba8,0
GTSRB,42,low_light,5,GTSRBCNN,ResNet18,36,120,118,120,0.9833333333333333,1.0,0.01666666666666672,ResNet18,0.01361800346220427,0.01166407465007776,22,25,220,122,0.01741884402216944,0.009659540775930325,18,28,stratified_track,f37d445eac4fe94ed5b346b8939aa361ab11f8f32b60cc5c06698bb858efaba8,0
GTSRB,42,low_light,5,GTSRBCNN,ResNet18,37,60,21,52,0.35,0.8666666666666667,0.5166666666666667,ResNet18,0.002423542989036353,0.00505443234836703,38,36,21,52,0.00166270783847981,0.004117181314330958,40,37,stratified_track,f37d445eac4fe94ed5b346b8939aa361ab11f8f32b60cc5c06698bb858efaba8,0
GTSRB,42,low_light,5,GTSRBCNN,ResNet18,38,690,628,630,0.9101449275362319,0.9130434782608695,0.0028985507246376274,ResNet18,0.07247547605308713,0.06123639191290824,2,4,708,634,0.056057007125890734,0.05019794140934283,5,5,stratified_track,f37d445eac4fe94ed5b346b8939aa361ab11f8f32b60cc5c06698bb858efaba8,0
GTSRB,42,low_light,5,GTSRBCNN,ResNet18,39,90,60,60,0.6666666666666666,0.6666666666666666,0.0,tie,0.006924408540103866,0.00583203732503888,31,33,72,60,0.005700712589073635,0.004750593824228029,34,35,stratified_track,f37d445eac4fe94ed5b346b8939aa361ab11f8f32b60cc5c06698bb858efaba8,0
GTSRB,42,low_light,5,GTSRBCNN,ResNet18,40,90,55,88,0.6111111111111112,0.9777777777777777,0.3666666666666666,ResNet18,0.006347374495095211,0.008553654743390357,32,32,80,377,0.006334125098970704,0.029849564528899447,32,14,stratified_track,f37d445eac4fe94ed5b346b8939aa361ab11f8f32b60cc5c06698bb858efaba8,0
GTSRB,42,low_light,5,GTSRBCNN,ResNet18,41,60,18,51,0.3,0.85,0.55,ResNet18,0.00207732256203116,0.004957231726283048,40,37,24,55,0.0019002375296912114,0.00435471100554236,39,36,stratified_track,f37d445eac4fe94ed5b346b8939aa361ab11f8f32b60cc5c06698bb858efaba8,0
GTSRB,42,low_light,5,GTSRBCNN,ResNet18,42,90,44,44,0.4888888888888889,0.4888888888888889,0.0,tie,0.005077899596076169,0.0042768273716951785,35,39,74,44,0.005859065716547902,0.0034837688044338875,33,39,stratified_track,f37d445eac4fe94ed5b346b8939aa361ab11f8f32b60cc5c06698bb858efaba8,0
